{"$id":"306","definitionId":"GranularAuth-INSTANCES-Settings_953f76bb-5fe9-4b6d-a9ca-9aed4eb16c6f","versionId":"2","name":"GranularAuth-INSTANCES-Settings","displayName":"GranularAuth-INSTANCES-Settings","description":"0","version":0,"variables":{"$id":"307","data":{}},"customAttributes":{"$id":"308","data":{}},"isSingleton":false,"persistenceBehavior":"WorkflowBurst","deleteCompletedInstances":false,"isPublished":false,"isLatest":false,"tag":"Settings","createdAt":"1970-01-01T00:00:00Z","activities":[{"$id":"309","activityId":"AddInstance_Settings_1","type":"SolutionsObjectInstanceCreate","name":"AddInstance_Settings_1","displayName":"AddInstance_Settings_1","x":72,"y":72,"persistWorkflow":false,"loadWorkflowContext":false,"saveWorkflowContext":false,"properties":[{"$id":"310","name":"ObjectType","syntax":"JavaScript","expressions":{"$id":"311","JavaScript":"return \"Settings\";"}},{"$id":"312","name":"Values","syntax":"Json","expressions":{"$id":"313","Json":"{\"Key\":\"ClientId\",\"Value\":\"a55cf330-2a92-421d-9dbe-a4356f85ae43\"}"}}],"propertyStorageProviders":{"$id":"314"}},{"$id":"315","activityId":"AddInstance_Settings_2","type":"SolutionsObjectInstanceCreate","name":"AddInstance_Settings_2","displayName":"AddInstance_Settings_2","x":144,"y":144,"persistWorkflow":false,"loadWorkflowContext":false,"saveWorkflowContext":false,"properties":[{"$id":"316","name":"ObjectType","syntax":"JavaScript","expressions":{"$id":"317","JavaScript":"return \"Settings\";"}},{"$id":"318","name":"Values","syntax":"Json","expressions":{"$id":"319","Json":"{\"Key\":\"TenantId\",\"Value\":\"f31b7808-bab2-4a80-8f03-de05599303f8\"}"}}],"propertyStorageProviders":{"$id":"320"}},{"$id":"321","activityId":"AddInstance_Settings_3","type":"SolutionsObjectInstanceCreate","name":"AddInstance_Settings_3","displayName":"AddInstance_Settings_3","x":216,"y":216,"persistWorkflow":false,"loadWorkflowContext":false,"saveWorkflowContext":false,"properties":[{"$id":"322","name":"ObjectType","syntax":"JavaScript","expressions":{"$id":"323","JavaScript":"return \"Settings\";"}},{"$id":"324","name":"Values","syntax":"Json","expressions":{"$id":"325","Json":"{\"Key\":\"RedirectUrl\",\"Value\":\"https://localhost:7063/callback\"}"}}],"propertyStorageProviders":{"$id":"326"}},{"$id":"327","activityId":"AddInstance_Settings_4","type":"SolutionsObjectInstanceCreate","name":"AddInstance_Settings_4","displayName":"AddInstance_Settings_4","x":288,"y":288,"persistWorkflow":false,"loadWorkflowContext":false,"saveWorkflowContext":false,"properties":[{"$id":"328","name":"ObjectType","syntax":"JavaScript","expressions":{"$id":"329","JavaScript":"return \"Settings\";"}},{"$id":"330","name":"Values","syntax":"Json","expressions":{"$id":"331","Json":"{\"Key\":\"SecurePage\",\"Value\":\"https://localhost:7063/securenav\"}"}}],"propertyStorageProviders":{"$id":"332"}},{"$id":"333","activityId":"AddInstance_Settings_5","type":"SolutionsObjectInstanceCreate","name":"AddInstance_Settings_5","displayName":"AddInstance_Settings_5","x":360,"y":360,"persistWorkflow":false,"loadWorkflowContext":false,"saveWorkflowContext":false,"properties":[{"$id":"334","name":"ObjectType","syntax":"JavaScript","expressions":{"$id":"335","JavaScript":"return \"Settings\";"}},{"$id":"336","name":"Values","syntax":"Json","expressions":{"$id":"337","Json":"{\"Key\":\"Timezone\",\"Value\":\"Australia/Sydney\"}"}}],"propertyStorageProviders":{"$id":"338"}},{"$id":"339","activityId":"AddInstance_Settings_6","type":"SolutionsObjectInstanceCreate","name":"AddInstance_Settings_6","displayName":"AddInstance_Settings_6","x":432,"y":432,"persistWorkflow":false,"loadWorkflowContext":false,"saveWorkflowContext":false,"properties":[{"$id":"340","name":"ObjectType","syntax":"JavaScript","expressions":{"$id":"341","JavaScript":"return \"Settings\";"}},{"$id":"342","name":"Values","syntax":"Json","expressions":{"$id":"343","Json":"{\"Key\":\"NextJobNumber\",\"Value\":\"166\"}"}}],"propertyStorageProviders":{"$id":"344"}},{"$id":"345","activityId":"AddInstance_Settings_7","type":"SolutionsObjectInstanceCreate","name":"AddInstance_Settings_7","displayName":"AddInstance_Settings_7","x":504,"y":504,"persistWorkflow":false,"loadWorkflowContext":false,"saveWorkflowContext":false,"properties":[{"$id":"346","name":"ObjectType","syntax":"JavaScript","expressions":{"$id":"347","JavaScript":"return \"Settings\";"}},{"$id":"348","name":"Values","syntax":"Json","expressions":{"$id":"349","Json":"{\"Key\":\"FileLocation\",\"Value\":\"/data/files\"}"}}],"propertyStorageProviders":{"$id":"350"}},{"$id":"351","activityId":"AddInstance_Settings_8","type":"SolutionsObjectInstanceCreate","name":"AddInstance_Settings_8","displayName":"AddInstance_Settings_8","x":576,"y":576,"persistWorkflow":false,"loadWorkflowContext":false,"saveWorkflowContext":false,"properties":[{"$id":"352","name":"ObjectType","syntax":"JavaScript","expressions":{"$id":"353","JavaScript":"return \"Settings\";"}},{"$id":"354","name":"Values","syntax":"Json","expressions":{"$id":"355","Json":"{\"Key\":\"LoginPage\",\"Value\":\"secure\"}"}}],"propertyStorageProviders":{"$id":"356"}}],"connections":[{"$id":"357","sourceActivityId":"AddInstance_Settings_1","targetActivityId":"AddInstance_Settings_2","outcome":"Faulted"},{"$id":"358","sourceActivityId":"AddInstance_Settings_1","targetActivityId":"AddInstance_Settings_2","outcome":"Success"},{"$id":"359","sourceActivityId":"AddInstance_Settings_2","targetActivityId":"AddInstance_Settings_3","outcome":"Faulted"},{"$id":"360","sourceActivityId":"AddInstance_Settings_2","targetActivityId":"AddInstance_Settings_3","outcome":"Success"},{"$id":"361","sourceActivityId":"AddInstance_Settings_3","targetActivityId":"AddInstance_Settings_4","outcome":"Faulted"},{"$id":"362","sourceActivityId":"AddInstance_Settings_3","targetActivityId":"AddInstance_Settings_4","outcome":"Success"},{"$id":"363","sourceActivityId":"AddInstance_Settings_4","targetActivityId":"AddInstance_Settings_5","outcome":"Faulted"},{"$id":"364","sourceActivityId":"AddInstance_Settings_4","targetActivityId":"AddInstance_Settings_5","outcome":"Success"},{"$id":"365","sourceActivityId":"AddInstance_Settings_5","targetActivityId":"AddInstance_Settings_6","outcome":"Faulted"},{"$id":"366","sourceActivityId":"AddInstance_Settings_5","targetActivityId":"AddInstance_Settings_6","outcome":"Success"},{"$id":"367","sourceActivityId":"AddInstance_Settings_6","targetActivityId":"AddInstance_Settings_7","outcome":"Faulted"},{"$id":"368","sourceActivityId":"AddInstance_Settings_6","targetActivityId":"AddInstance_Settings_7","outcome":"Success"},{"$id":"369","sourceActivityId":"AddInstance_Settings_7","targetActivityId":"AddInstance_Settings_8","outcome":"Faulted"},{"$id":"370","sourceActivityId":"AddInstance_Settings_7","targetActivityId":"AddInstance_Settings_8","outcome":"Success"}],"id":"2"}