{"$id":"371","definitionId":"GranularAuth-INSTANCES-User_092585dd-6f6d-4537-8dae-76b2dca80854","versionId":"3","name":"GranularAuth-INSTANCES-User","displayName":"GranularAuth-INSTANCES-User","description":"1","version":0,"variables":{"$id":"372","data":{}},"customAttributes":{"$id":"373","data":{}},"isSingleton":false,"persistenceBehavior":"WorkflowBurst","deleteCompletedInstances":false,"isPublished":false,"isLatest":false,"tag":"User","createdAt":"1970-01-01T00:00:00Z","activities":[{"$id":"374","activityId":"AddInstance_User_9","type":"SolutionsObjectInstanceCreate","name":"AddInstance_User_9","displayName":"AddInstance_User_9","x":72,"y":72,"persistWorkflow":false,"loadWorkflowContext":false,"saveWorkflowContext":false,"properties":[{"$id":"375","name":"ObjectType","syntax":"JavaScript","expressions":{"$id":"376","JavaScript":"return \"User\";"}},{"$id":"377","name":"Values","syntax":"Json","expressions":{"$id":"378","Json":"{\"upn\":\"nick@worldofworkflows.com\"}"}}],"propertyStorageProviders":{"$id":"379"}},{"$id":"380","activityId":"AddInstance_User_10","type":"SolutionsObjectInstanceCreate","name":"AddInstance_User_10","displayName":"AddInstance_User_10","x":144,"y":144,"persistWorkflow":false,"loadWorkflowContext":false,"saveWorkflowContext":false,"properties":[{"$id":"381","name":"ObjectType","syntax":"JavaScript","expressions":{"$id":"382","JavaScript":"return \"User\";"}},{"$id":"383","name":"Values","syntax":"Json","expressions":{"$id":"384","Json":"{\"upn\":\"jim@worldofworkflows.com\",\"givenName\":\"Jim\",\"familyName\":\"Cantor\"}"}}],"propertyStorageProviders":{"$id":"385"}}],"connections":[{"$id":"386","sourceActivityId":"AddInstance_User_9","targetActivityId":"AddInstance_User_10","outcome":"Faulted"},{"$id":"387","sourceActivityId":"AddInstance_User_9","targetActivityId":"AddInstance_User_10","outcome":"Success"}],"id":"3"}