{"$id":"388","definitionId":"GranularAuth-INSTANCES-Feature_8b484672-6aa8-4e1f-bbbc-32dc33716a21","versionId":"4","name":"GranularAuth-INSTANCES-Feature","displayName":"GranularAuth-INSTANCES-Feature","description":"2","version":0,"variables":{"$id":"389","data":{}},"customAttributes":{"$id":"390","data":{}},"isSingleton":false,"persistenceBehavior":"WorkflowBurst","deleteCompletedInstances":false,"isPublished":false,"isLatest":false,"tag":"Feature","createdAt":"1970-01-01T00:00:00Z","activities":[{"$id":"391","activityId":"AddInstance_Feature_11","type":"SolutionsObjectInstanceCreate","name":"AddInstance_Feature_11","displayName":"AddInstance_Feature_11","x":72,"y":72,"persistWorkflow":false,"loadWorkflowContext":false,"saveWorkflowContext":false,"properties":[{"$id":"392","name":"ObjectType","syntax":"JavaScript","expressions":{"$id":"393","JavaScript":"return \"Feature\";"}},{"$id":"394","name":"Values","syntax":"Json","expressions":{"$id":"395","Json":"{\"Title\":\"Customers\",\"URL\":\"/customer\"}"}}],"propertyStorageProviders":{"$id":"396"}},{"$id":"397","activityId":"AddInstance_Feature_12","type":"SolutionsObjectInstanceCreate","name":"AddInstance_Feature_12","displayName":"AddInstance_Feature_12","x":144,"y":144,"persistWorkflow":false,"loadWorkflowContext":false,"saveWorkflowContext":false,"properties":[{"$id":"398","name":"ObjectType","syntax":"JavaScript","expressions":{"$id":"399","JavaScript":"return \"Feature\";"}},{"$id":"400","name":"Values","syntax":"Json","expressions":{"$id":"401","Json":"{\"Title\":\"Contacts\",\"URL\":\"/contact\"}"}}],"propertyStorageProviders":{"$id":"402"}},{"$id":"403","activityId":"AddInstance_Feature_13","type":"SolutionsObjectInstanceCreate","name":"AddInstance_Feature_13","displayName":"AddInstance_Feature_13","x":216,"y":216,"persistWorkflow":false,"loadWorkflowContext":false,"saveWorkflowContext":false,"properties":[{"$id":"404","name":"ObjectType","syntax":"JavaScript","expressions":{"$id":"405","JavaScript":"return \"Feature\";"}},{"$id":"406","name":"Values","syntax":"Json","expressions":{"$id":"407","Json":"{\"Title\":\"Opportunities\",\"URL\":\"/opportunity\"}"}}],"propertyStorageProviders":{"$id":"408"}}],"connections":[{"$id":"409","sourceActivityId":"AddInstance_Feature_11","targetActivityId":"AddInstance_Feature_12","outcome":"Faulted"},{"$id":"410","sourceActivityId":"AddInstance_Feature_11","targetActivityId":"AddInstance_Feature_12","outcome":"Success"},{"$id":"411","sourceActivityId":"AddInstance_Feature_12","targetActivityId":"AddInstance_Feature_13","outcome":"Faulted"},{"$id":"412","sourceActivityId":"AddInstance_Feature_12","targetActivityId":"AddInstance_Feature_13","outcome":"Success"}],"id":"4"}