{"$id":"413","definitionId":"GranularAuth-INSTANCES-Permissions_80f3a0da-5387-44d9-af21-7625aa90419e","versionId":"5","name":"GranularAuth-INSTANCES-Permissions","displayName":"GranularAuth-INSTANCES-Permissions","description":"3","version":0,"variables":{"$id":"414","data":{}},"customAttributes":{"$id":"415","data":{}},"isSingleton":false,"persistenceBehavior":"WorkflowBurst","deleteCompletedInstances":false,"isPublished":false,"isLatest":false,"tag":"Permissions","createdAt":"1970-01-01T00:00:00Z","activities":[{"$id":"416","activityId":"AddInstance_Permissions_14","type":"SolutionsObjectInstanceCreate","name":"AddInstance_Permissions_14","displayName":"AddInstance_Permissions_14","x":72,"y":72,"persistWorkflow":false,"loadWorkflowContext":false,"saveWorkflowContext":false,"properties":[{"$id":"417","name":"ObjectType","syntax":"JavaScript","expressions":{"$id":"418","JavaScript":"return \"Permissions\";"}},{"$id":"419","name":"Values","syntax":"Json","expressions":{"$id":"420","Json":"{\"Title\":\"Nick - Customers\",\"User\":\"User~~upn~~nick@worldofworkflows.com\",\"Feature\":\"Feature~~Title~~Customers\",\"Read\":true,\"Edit\":true,\"Create\":true,\"Permissions\":true,\"Delete\":true}"}}],"propertyStorageProviders":{"$id":"421"}},{"$id":"422","activityId":"AddInstance_Permissions_15","type":"SolutionsObjectInstanceCreate","name":"AddInstance_Permissions_15","displayName":"AddInstance_Permissions_15","x":144,"y":144,"persistWorkflow":false,"loadWorkflowContext":false,"saveWorkflowContext":false,"properties":[{"$id":"423","name":"ObjectType","syntax":"JavaScript","expressions":{"$id":"424","JavaScript":"return \"Permissions\";"}},{"$id":"425","name":"Values","syntax":"Json","expressions":{"$id":"426","Json":"{\"Title\":\"JIm - Customers\",\"User\":\"User~~upn~~jim@worldofworkflows.com\",\"Feature\":\"Feature~~Title~~Customers\",\"Read\":true,\"Edit\":true,\"Create\":true,\"Permissions\":true,\"Delete\":true}"}}],"propertyStorageProviders":{"$id":"427"}},{"$id":"428","activityId":"AddInstance_Permissions_16","type":"SolutionsObjectInstanceCreate","name":"AddInstance_Permissions_16","displayName":"AddInstance_Permissions_16","x":216,"y":216,"persistWorkflow":false,"loadWorkflowContext":false,"saveWorkflowContext":false,"properties":[{"$id":"429","name":"ObjectType","syntax":"JavaScript","expressions":{"$id":"430","JavaScript":"return \"Permissions\";"}},{"$id":"431","name":"Values","syntax":"Json","expressions":{"$id":"432","Json":"{\"Title\":\"Jim - Contacts\",\"User\":\"User~~upn~~jim@worldofworkflows.com\",\"Feature\":\"Feature~~Title~~Contacts\",\"Read\":true,\"Edit\":false}"}}],"propertyStorageProviders":{"$id":"433"}},{"$id":"434","activityId":"AddInstance_Permissions_17","type":"SolutionsObjectInstanceCreate","name":"AddInstance_Permissions_17","displayName":"AddInstance_Permissions_17","x":288,"y":288,"persistWorkflow":false,"loadWorkflowContext":false,"saveWorkflowContext":false,"properties":[{"$id":"435","name":"ObjectType","syntax":"JavaScript","expressions":{"$id":"436","JavaScript":"return \"Permissions\";"}},{"$id":"437","name":"Values","syntax":"Json","expressions":{"$id":"438","Json":"{\"Title\":\"JIm - Opportunities\\n\",\"User\":\"User~~upn~~jim@worldofworkflows.com\",\"Feature\":\"Feature~~Title~~Opportunities\",\"Read\":true}"}}],"propertyStorageProviders":{"$id":"439"}}],"connections":[{"$id":"440","sourceActivityId":"AddInstance_Permissions_14","targetActivityId":"AddInstance_Permissions_15","outcome":"Faulted"},{"$id":"441","sourceActivityId":"AddInstance_Permissions_14","targetActivityId":"AddInstance_Permissions_15","outcome":"Success"},{"$id":"442","sourceActivityId":"AddInstance_Permissions_15","targetActivityId":"AddInstance_Permissions_16","outcome":"Faulted"},{"$id":"443","sourceActivityId":"AddInstance_Permissions_15","targetActivityId":"AddInstance_Permissions_16","outcome":"Success"},{"$id":"444","sourceActivityId":"AddInstance_Permissions_16","targetActivityId":"AddInstance_Permissions_17","outcome":"Faulted"},{"$id":"445","sourceActivityId":"AddInstance_Permissions_16","targetActivityId":"AddInstance_Permissions_17","outcome":"Success"}],"id":"5"}