{"$id":"761","definitionId":"07b8e5ffd1b4493cbf9b9ed4b4992a7c","versionId":"4c9fce795dcc458687f1f19c7aff0b9f","name":"AuthenticationJS","displayName":"AuthenticationJS","version":2,"variables":{"$id":"762","data":{}},"customAttributes":{"$id":"763","data":{}},"isSingleton":false,"persistenceBehavior":"WorkflowBurst","deleteCompletedInstances":false,"isPublished":true,"isLatest":true,"createdAt":"2024-08-09T02:47:29.7796455Z","activities":[{"$id":"764","activityId":"eeeb5888-7d59-4981-a930-ce446babc4ad","type":"HttpEndpoint","displayName":"GET /auth.js","x":1440,"y":140,"persistWorkflow":false,"loadWorkflowContext":false,"saveWorkflowContext":false,"properties":[{"$id":"765","name":"Path","expressions":{"$id":"766","Literal":"/auth.js"}},{"$id":"767","name":"Methods","expressions":{"$id":"768","Json":"[\"GET\"]"}},{"$id":"769","name":"ReadContent","expressions":{"$id":"770"}},{"$id":"771","name":"TargetType","expressions":{"$id":"772"}},{"$id":"773","name":"Schema","syntax":"Literal","expressions":{"$id":"774","Literal":""}},{"$id":"775","name":"Authorize","expressions":{"$id":"776"}},{"$id":"777","name":"Policy","expressions":{"$id":"778"}},{"$id":"779","name":"AuthorizeWithCustomHeader","expressions":{"$id":"780"}},{"$id":"781","name":"CustomHeaderName","expressions":{"$id":"782"}},{"$id":"783","name":"CustomHeaderValue","expressions":{"$id":"784"}}],"propertyStorageProviders":{"$id":"785"}},{"$id":"786","activityId":"608880e8-7eb5-41ee-99f1-e12f965d11f7","type":"WriteHttpResponse","displayName":"getCookie","x":1560,"y":260,"persistWorkflow":false,"loadWorkflowContext":false,"saveWorkflowContext":false,"properties":[{"$id":"787","name":"Content","syntax":"Liquid","expressions":{"$id":"788","Liquid":" function getCookie(name) {\r\n        const value = `; ${document.cookie}`;\r\n        const parts = value.split(`; ${name}=`);\r\n        if (parts.length === 2) return parts.pop().split(';').shift();\r\n    };\r\n\r\nwindow.onload = function () {\r\n    const accessToken = getCookie(\"accessToken\");\r\n    if (!accessToken) {\r\n        window.location.href = \"/home\"; // Redirect to login if no token\r\n        return;\r\n    }\r\n};\r\n\r\n(function() {\r\n    // Helper function to get a cookie by name\r\n   \r\n\r\n \r\n})();\r\n"}},{"$id":"789","name":"ContentType","syntax":"Liquid","expressions":{"$id":"790","Literal":"text/plain","Liquid":"text/javascript"}},{"$id":"791","name":"StatusCode","expressions":{"$id":"792","Literal":"OK"}},{"$id":"793","name":"CharSet","expressions":{"$id":"794","Literal":"utf-8"}},{"$id":"795","name":"ResponseHeaders","expressions":{"$id":"796"}}],"propertyStorageProviders":{"$id":"797"}},{"$id":"798","activityId":"53100039-bf38-44e6-b208-89d1795ab57e","type":"RemoveWorkflowInstances","displayName":"AuthenticationJS","x":1700,"y":380,"persistWorkflow":false,"loadWorkflowContext":false,"saveWorkflowContext":false,"properties":[{"$id":"799","name":"WorkflowDefinitionName","expressions":{"$id":"800","Literal":"AuthenticationJS"}},{"$id":"801","name":"VersionSelection","expressions":{"$id":"802","Literal":"All"}},{"$id":"803","name":"CustomVersion","expressions":{"$id":"804"}},{"$id":"805","name":"InstanceRetention","expressions":{"$id":"806","Literal":"1"}},{"$id":"807","name":"DateSelection","expressions":{"$id":"808"}},{"$id":"809","name":"IncludeIdle","expressions":{"$id":"810"}},{"$id":"811","name":"IncludeSuspended","expressions":{"$id":"812"}},{"$id":"813","name":"IncludeRunning","expressions":{"$id":"814"}}],"propertyStorageProviders":{"$id":"815"}}],"connections":[{"$id":"816","sourceActivityId":"eeeb5888-7d59-4981-a930-ce446babc4ad","targetActivityId":"608880e8-7eb5-41ee-99f1-e12f965d11f7","outcome":"Done"},{"$id":"817","sourceActivityId":"608880e8-7eb5-41ee-99f1-e12f965d11f7","targetActivityId":"53100039-bf38-44e6-b208-89d1795ab57e","outcome":"Done"}],"id":"4c9fce795dcc458687f1f19c7aff0b9f"}