{"$id":"607","definitionId":"175e2fb8e719486f904742522af8cb6d","versionId":"3ef2523e38f3488dadbf97107f24e6a6","name":"AuthUserHasPermission","displayName":"Auth - UserHasPermission","description":"Pass this the Output of any HTML Method and the Feature and access level, and it will return yes or no, pls the user permissions,","version":3,"variables":{"$id":"608","data":{}},"customAttributes":{"$id":"609","data":{}},"isSingleton":false,"persistenceBehavior":"WorkflowBurst","deleteCompletedInstances":false,"isPublished":true,"isLatest":true,"createdAt":"2024-08-09T02:44:26.2063983Z","activities":[{"$id":"610","activityId":"d04d174f-a20d-4c03-867f-ccd8913bb00a","type":"RunJavaScript","displayName":"Start here with parameters","x":260,"y":-60,"persistWorkflow":false,"loadWorkflowContext":false,"saveWorkflowContext":false,"properties":[{"$id":"611","name":"Script","syntax":"Literal","expressions":{"$id":"612","Literal":"setVariable(\"htmlOut\", input.html)\r\nsetVariable(\"Feature\", input.Feature),\r\nsetVariable(\"Permission\", input.Permission)"}},{"$id":"613","name":"PossibleOutcomes","expressions":{"$id":"614"}}],"propertyStorageProviders":{"$id":"615"}},{"$id":"616","activityId":"ee9f5fac-19ee-4d58-9455-f69949bcdc7d","type":"Correlate","displayName":"Correlate","x":1880,"y":720,"persistWorkflow":false,"loadWorkflowContext":false,"saveWorkflowContext":false,"properties":[{"$id":"617","name":"Value","syntax":"JavaScript","expressions":{"$id":"618","JavaScript":"' no user ' + JSON.parse(activities.DecodeJWT.Output()).upn"}}],"propertyStorageProviders":{"$id":"619"}},{"$id":"620","activityId":"9f634f73-3b26-4bb4-98e8-28ad6c3b0469","type":"RemoveWorkflowInstances","displayName":"AuthUserHasPermission","x":720,"y":-60,"persistWorkflow":false,"loadWorkflowContext":false,"saveWorkflowContext":false,"properties":[{"$id":"621","name":"WorkflowDefinitionName","expressions":{"$id":"622","Literal":"AuthUserHasPermission"}},{"$id":"623","name":"VersionSelection","expressions":{"$id":"624","Literal":"All"}},{"$id":"625","name":"CustomVersion","expressions":{"$id":"626"}},{"$id":"627","name":"InstanceRetention","expressions":{"$id":"628","Literal":"2"}},{"$id":"629","name":"DateSelection","expressions":{"$id":"630"}},{"$id":"631","name":"IncludeIdle","expressions":{"$id":"632"}},{"$id":"633","name":"IncludeSuspended","expressions":{"$id":"634"}},{"$id":"635","name":"IncludeRunning","expressions":{"$id":"636"}}],"propertyStorageProviders":{"$id":"637"}},{"$id":"638","activityId":"30b53375-e279-4f44-a0f3-bdb2fe9a83d0","type":"Correlate","displayName":"Correlate","x":520,"y":60,"persistWorkflow":false,"loadWorkflowContext":false,"saveWorkflowContext":false,"properties":[{"$id":"639","name":"Value","syntax":"JavaScript","expressions":{"$id":"640","JavaScript":"' checking '+getVariable(\"Feature\") +' / ' + getVariable(\"Permission\")"}}],"propertyStorageProviders":{"$id":"641"}},{"$id":"642","activityId":"ca6525d7-b47a-4967-8bc6-3804680965f8","type":"SetVariable","displayName":"Token","x":620,"y":180,"persistWorkflow":false,"loadWorkflowContext":false,"saveWorkflowContext":false,"properties":[{"$id":"643","name":"VariableName","expressions":{"$id":"644","Literal":"Token"}},{"$id":"645","name":"Value","syntax":"JavaScript","expressions":{"$id":"646","JavaScript":"function getAccessToken(str) {\r\n    if (!str) {\r\n        return null;\r\n    }\r\n    \r\n    const match = str.match(/accessToken=([^;]*)/);\r\n    return match ? match[1] : null;\r\n}\r\n\r\nconst cookie = getVariable(\"htmlOut\")?.headers?.Cookie;\r\nreturn getAccessToken(cookie);"}}],"propertyStorageProviders":{"$id":"647"}},{"$id":"648","activityId":"800cbcb7-f4c3-4c84-ba08-6f2535542e52","type":"JWTDecoder","name":"DecodeJWT","displayName":"JWT Decoder to DecodeJWT","x":920,"y":180,"persistWorkflow":false,"loadWorkflowContext":false,"saveWorkflowContext":false,"properties":[{"$id":"649","name":"Token","syntax":"JavaScript","expressions":{"$id":"650","JavaScript":"getVariable(\"Token\")"}}],"propertyStorageProviders":{"$id":"651"}},{"$id":"652","activityId":"1e668332-b285-4a40-8c83-61ce30dcc20a","type":"SetVariable","displayName":"UserInfo","x":1380,"y":180,"persistWorkflow":false,"loadWorkflowContext":false,"saveWorkflowContext":false,"properties":[{"$id":"653","name":"VariableName","expressions":{"$id":"654","Literal":"UserInfo"}},{"$id":"655","name":"Value","syntax":"JavaScript","expressions":{"$id":"656","JavaScript":"JSON.parse(activities.DecodeJWT.Output());"}}],"propertyStorageProviders":{"$id":"657"}},{"$id":"658","activityId":"4134818a-972f-4960-b17d-10b0b2888146","type":"ObjectInstanceList","name":"getUser","displayName":"Try to get a User from  JWT.upn","x":1540,"y":420,"persistWorkflow":false,"loadWorkflowContext":false,"saveWorkflowContext":false,"properties":[{"$id":"659","name":"ObjectType","syntax":"Literal","expressions":{"$id":"660","Literal":"User"}},{"$id":"661","name":"Expand","expressions":{"$id":"662","Literal":"false"}},{"$id":"663","name":"Filter","syntax":"JavaScript","expressions":{"$id":"664","JavaScript":"return `upn eq '` + JSON.parse(activities.DecodeJWT.Output()).upn + `'`"}},{"$id":"665","name":"Skip","expressions":{"$id":"666"}},{"$id":"667","name":"Limit","expressions":{"$id":"668"}},{"$id":"669","name":"OrderBy","expressions":{"$id":"670"}}],"propertyStorageProviders":{"$id":"671"}},{"$id":"672","activityId":"b1918fb4-80a4-4509-9f89-986b37fc5d93","type":"If","displayName":"There is a User","x":1820,"y":560,"persistWorkflow":false,"loadWorkflowContext":false,"saveWorkflowContext":false,"properties":[{"$id":"673","name":"Condition","syntax":"JavaScript","expressions":{"$id":"674","JavaScript":"activities.getUser.Output().length>0"}}],"propertyStorageProviders":{"$id":"675"}},{"$id":"676","activityId":"de1db40e-3c76-42e5-80e5-1441a1a267bd","type":"SetVariable","displayName":"ThisUser","x":2180,"y":560,"persistWorkflow":false,"loadWorkflowContext":false,"saveWorkflowContext":false,"properties":[{"$id":"677","name":"VariableName","expressions":{"$id":"678","Literal":"ThisUser"}},{"$id":"679","name":"Value","syntax":"JavaScript","expressions":{"$id":"680","JavaScript":"activities.getUser.Output()[0]"}}],"propertyStorageProviders":{"$id":"681"}},{"$id":"682","activityId":"651d4b10-8cb6-47bc-a22d-05505dc0edcb","type":"ObjectInstanceList","name":"getPerms","displayName":"Get Permissions","x":2540,"y":640,"persistWorkflow":false,"loadWorkflowContext":false,"saveWorkflowContext":false,"properties":[{"$id":"683","name":"ObjectType","syntax":"Literal","expressions":{"$id":"684","Literal":"Permissions"}},{"$id":"685","name":"Expand","expressions":{"$id":"686","Literal":"true"}},{"$id":"687","name":"Filter","syntax":"Liquid","expressions":{"$id":"688","Liquid":"User eq {{Variables.ThisUser.ObjectId}}"}},{"$id":"689","name":"Skip","expressions":{"$id":"690"}},{"$id":"691","name":"Limit","expressions":{"$id":"692"}},{"$id":"693","name":"OrderBy","expressions":{"$id":"694"}}],"propertyStorageProviders":{"$id":"695"}},{"$id":"696","activityId":"27393236-b834-472d-99da-2f91c34f7e07","type":"ObjectInstanceCreate","name":"CreateUser","displayName":"Create a User - ThisUser","x":2140,"y":720,"persistWorkflow":false,"loadWorkflowContext":false,"saveWorkflowContext":false,"properties":[{"$id":"697","name":"ObjectType","syntax":"Literal","expressions":{"$id":"698","Literal":"User"}},{"$id":"699","name":"Values","syntax":"JavaScript","expressions":{"$id":"700","JavaScript":"let JWT = JSON.parse(activities.DecodeJWT.Output())\r\nvar result = {\r\n    \"upn\": JWT.upn,\r\n    \"givenName\": JWT.given_Name,\r\n    \"familyName\":JWT.family_Name,\r\n    \"name\": JWT.name\r\n    \r\n};\r\nreturn result"}},{"$id":"701","name":"VariableName","expressions":{"$id":"702","Literal":"ThisUser"}}],"propertyStorageProviders":{"$id":"703"}},{"$id":"704","activityId":"ff793672-8b9e-43b9-9af5-e2b38d651fa2","type":"Finish","displayName":"Failed","x":1100,"y":300,"persistWorkflow":false,"loadWorkflowContext":false,"saveWorkflowContext":false,"properties":[{"$id":"705","name":"ActivityOutput","syntax":"JavaScript","expressions":{"$id":"706","JavaScript":""}},{"$id":"707","name":"OutcomeNames","expressions":{"$id":"708","Json":"[\"Failed\"]"}}],"propertyStorageProviders":{"$id":"709"}},{"$id":"710","activityId":"31c57881-8108-4dbf-9261-3518be3aca59","type":"Finish","displayName":"Failed","x":2620,"y":760,"persistWorkflow":false,"loadWorkflowContext":false,"saveWorkflowContext":false,"properties":[{"$id":"711","name":"ActivityOutput","syntax":"JavaScript","expressions":{"$id":"712","JavaScript":""}},{"$id":"713","name":"OutcomeNames","expressions":{"$id":"714","Json":"[\"Failed\"]"}}],"propertyStorageProviders":{"$id":"715"}},{"$id":"716","activityId":"35060409-d563-4012-8634-d06c84a26d8a","type":"SetVariable","displayName":"ThesePerms","x":2900,"y":640,"persistWorkflow":false,"loadWorkflowContext":false,"saveWorkflowContext":false,"properties":[{"$id":"717","name":"VariableName","expressions":{"$id":"718","Literal":"ThesePerms"}},{"$id":"719","name":"Value","syntax":"JavaScript","expressions":{"$id":"720","JavaScript":"activities.getPerms.ExpandedOutput()"}}],"propertyStorageProviders":{"$id":"721"}},{"$id":"722","activityId":"95eee41a-ead0-40a9-bad3-8b2cd41a667a","type":"If","displayName":"If user has permission to this feature","x":2960,"y":760,"persistWorkflow":false,"loadWorkflowContext":false,"saveWorkflowContext":false,"properties":[{"$id":"723","name":"Condition","syntax":"JavaScript","expressions":{"$id":"724","JavaScript":"function hasAccessToFeature(data, featureTitle, permissionType) {\r\n \r\n\r\n  for (const item of data) {\r\n    if (item.Feature && item.Feature.Title === featureTitle && item[permissionType] === true) {\r\n      return true;\r\n    }\r\n  }\r\n\r\n  return false;\r\n}\r\n\r\nreturn hasAccessToFeature(activities.getPerms.ExpandedOutput(), getVariable(\"Feature\"), getVariable(\"Permission\"));"}}],"propertyStorageProviders":{"$id":"725"}},{"$id":"726","activityId":"1a6da16f-171b-4de5-8163-cf1ed8bb0f0e","type":"Finish","displayName":"Failed","x":3480,"y":820,"persistWorkflow":false,"loadWorkflowContext":false,"saveWorkflowContext":false,"properties":[{"$id":"727","name":"ActivityOutput","syntax":"JavaScript","expressions":{"$id":"728","JavaScript":"getVariable(\"ThesePerms\")"}},{"$id":"729","name":"OutcomeNames","expressions":{"$id":"730","Json":"[\"Failed\"]"}}],"propertyStorageProviders":{"$id":"731"}},{"$id":"732","activityId":"ec1deac3-f7e2-419f-9d11-750a4c7f5a80","type":"Correlate","displayName":"Correlate","x":1460,"y":300,"persistWorkflow":false,"loadWorkflowContext":false,"saveWorkflowContext":false,"properties":[{"$id":"733","name":"Value","syntax":"JavaScript","expressions":{"$id":"734","JavaScript":"' checking '+getVariable(\"Feature\") +' / ' + getVariable(\"Permission\") + ' for ' + JSON.parse(activities.DecodeJWT.Output()).upn"}}],"propertyStorageProviders":{"$id":"735"}},{"$id":"736","activityId":"31d0afe4-c2d4-4097-b8e9-4fbdd30d539c","type":"Finish","displayName":"Success","x":3480,"y":700,"persistWorkflow":false,"loadWorkflowContext":false,"saveWorkflowContext":false,"properties":[{"$id":"737","name":"ActivityOutput","syntax":"JavaScript","expressions":{"$id":"738","JavaScript":"getVariable(\"ThesePerms\")"}},{"$id":"739","name":"OutcomeNames","expressions":{"$id":"740","Json":"[\"Success\"]"}}],"propertyStorageProviders":{"$id":"741"}}],"connections":[{"$id":"742","sourceActivityId":"4134818a-972f-4960-b17d-10b0b2888146","targetActivityId":"b1918fb4-80a4-4509-9f89-986b37fc5d93","outcome":"Done"},{"$id":"743","sourceActivityId":"b1918fb4-80a4-4509-9f89-986b37fc5d93","targetActivityId":"de1db40e-3c76-42e5-80e5-1441a1a267bd","outcome":"True"},{"$id":"744","sourceActivityId":"de1db40e-3c76-42e5-80e5-1441a1a267bd","targetActivityId":"651d4b10-8cb6-47bc-a22d-05505dc0edcb","outcome":"Done"},{"$id":"745","sourceActivityId":"95eee41a-ead0-40a9-bad3-8b2cd41a667a","targetActivityId":"31d0afe4-c2d4-4097-b8e9-4fbdd30d539c","outcome":"True"},{"$id":"746","sourceActivityId":"95eee41a-ead0-40a9-bad3-8b2cd41a667a","targetActivityId":"1a6da16f-171b-4de5-8163-cf1ed8bb0f0e","outcome":"False"},{"$id":"747","sourceActivityId":"651d4b10-8cb6-47bc-a22d-05505dc0edcb","targetActivityId":"35060409-d563-4012-8634-d06c84a26d8a","outcome":"Done"},{"$id":"748","sourceActivityId":"35060409-d563-4012-8634-d06c84a26d8a","targetActivityId":"95eee41a-ead0-40a9-bad3-8b2cd41a667a","outcome":"Done"},{"$id":"749","sourceActivityId":"d04d174f-a20d-4c03-867f-ccd8913bb00a","targetActivityId":"30b53375-e279-4f44-a0f3-bdb2fe9a83d0","outcome":"Done"},{"$id":"750","sourceActivityId":"30b53375-e279-4f44-a0f3-bdb2fe9a83d0","targetActivityId":"ca6525d7-b47a-4967-8bc6-3804680965f8","outcome":"Done"},{"$id":"751","sourceActivityId":"1e668332-b285-4a40-8c83-61ce30dcc20a","targetActivityId":"ec1deac3-f7e2-419f-9d11-750a4c7f5a80","outcome":"Done"},{"$id":"752","sourceActivityId":"ec1deac3-f7e2-419f-9d11-750a4c7f5a80","targetActivityId":"4134818a-972f-4960-b17d-10b0b2888146","outcome":"Done"},{"$id":"753","sourceActivityId":"b1918fb4-80a4-4509-9f89-986b37fc5d93","targetActivityId":"ee9f5fac-19ee-4d58-9455-f69949bcdc7d","outcome":"False"},{"$id":"754","sourceActivityId":"ee9f5fac-19ee-4d58-9455-f69949bcdc7d","targetActivityId":"27393236-b834-472d-99da-2f91c34f7e07","outcome":"Done"},{"$id":"755","sourceActivityId":"27393236-b834-472d-99da-2f91c34f7e07","targetActivityId":"651d4b10-8cb6-47bc-a22d-05505dc0edcb","outcome":"Done"},{"$id":"756","sourceActivityId":"ca6525d7-b47a-4967-8bc6-3804680965f8","targetActivityId":"800cbcb7-f4c3-4c84-ba08-6f2535542e52","outcome":"Done"},{"$id":"757","sourceActivityId":"800cbcb7-f4c3-4c84-ba08-6f2535542e52","targetActivityId":"1e668332-b285-4a40-8c83-61ce30dcc20a","outcome":"Success"},{"$id":"758","sourceActivityId":"800cbcb7-f4c3-4c84-ba08-6f2535542e52","targetActivityId":"ff793672-8b9e-43b9-9af5-e2b38d651fa2","outcome":"Failed"},{"$id":"759","sourceActivityId":"d04d174f-a20d-4c03-867f-ccd8913bb00a","targetActivityId":"9f634f73-3b26-4bb4-98e8-28ad6c3b0469","outcome":"Done"},{"$id":"760","sourceActivityId":"651d4b10-8cb6-47bc-a22d-05505dc0edcb","targetActivityId":"31c57881-8108-4dbf-9261-3518be3aca59","outcome":"Object type not found"}],"id":"3ef2523e38f3488dadbf97107f24e6a6"}