{"$id":"446","definitionId":"90dde2787083436485df08e6739bdbe4","versionId":"b51e75090d9945ad95ce2c3e3d13cd3c","name":"AuthGetUserPermissions","displayName":"Auth - GetUserPermissions","description":"Pass this the Output of any HTML Method and it will return the list of permissions for the user and the userObject","version":3,"variables":{"$id":"447","data":{}},"customAttributes":{"$id":"448","data":{}},"isSingleton":false,"persistenceBehavior":"WorkflowBurst","deleteCompletedInstances":false,"isPublished":true,"isLatest":true,"createdAt":"2024-08-09T02:43:54.546233Z","activities":[{"$id":"449","activityId":"39bfe728-2f9a-4666-a877-b8120a97c4d8","type":"JWTDecoder","name":"DecodeJWT","displayName":"JWT Decoder to DecodeJWT","x":920,"y":-4540,"persistWorkflow":false,"loadWorkflowContext":false,"saveWorkflowContext":false,"properties":[{"$id":"450","name":"Token","syntax":"JavaScript","expressions":{"$id":"451","JavaScript":"getVariable(\"Token\")"}}],"propertyStorageProviders":{"$id":"452"}},{"$id":"453","activityId":"f4e5c90a-c2ee-459e-92a0-c3a2a93329d9","type":"SetVariable","displayName":"AllowedFeatures","x":2900,"y":-4000,"persistWorkflow":false,"loadWorkflowContext":false,"saveWorkflowContext":false,"properties":[{"$id":"454","name":"VariableName","expressions":{"$id":"455","Literal":"AllowedFeatures"}},{"$id":"456","name":"Value","syntax":"JavaScript","expressions":{"$id":"457","JavaScript":"function getFeaturesWithPermission(permissions, permissionField) {\r\n  return permissions\r\n    .filter(permission => permission[permissionField])\r\n    .map(permission => ({\r\n      Title: permission.Feature.Title,\r\n      URL: permission.Feature.URL\r\n    }));\r\n}\r\n\r\nreturn getFeaturesWithPermission(getVariable(\"ThesePerms\"), getVariable(\"Permission\"));\r\n"}}],"propertyStorageProviders":{"$id":"458"}},{"$id":"459","activityId":"31d0afe4-c2d4-4097-b8e9-4fbdd30d539c","type":"Finish","displayName":"Success","x":3500,"y":-3940,"persistWorkflow":false,"loadWorkflowContext":false,"saveWorkflowContext":false,"properties":[{"$id":"460","name":"ActivityOutput","syntax":"JavaScript","expressions":{"$id":"461","JavaScript":"return {\r\n    \"ThesePerms\":getVariable(\"ThesePerms\"),\r\n    \"ThisUser\":getVariable(\"ThisUser\"),\r\n    \"AllowedFeatures\":getVariable(\"AllowedFeatures\")\r\n    }"}},{"$id":"462","name":"OutcomeNames","expressions":{"$id":"463","Json":"[\"Success\"]"}}],"propertyStorageProviders":{"$id":"464"}},{"$id":"465","activityId":"1a6da16f-171b-4de5-8163-cf1ed8bb0f0e","type":"Finish","displayName":"Failed","x":3500,"y":-3820,"persistWorkflow":false,"loadWorkflowContext":false,"saveWorkflowContext":false,"properties":[{"$id":"466","name":"ActivityOutput","syntax":"JavaScript","expressions":{"$id":"467","JavaScript":"getVariable(\"ThesePerms\")"}},{"$id":"468","name":"OutcomeNames","expressions":{"$id":"469","Json":"[\"Failed\"]"}}],"propertyStorageProviders":{"$id":"470"}},{"$id":"471","activityId":"95eee41a-ead0-40a9-bad3-8b2cd41a667a","type":"If","displayName":"If user has permission to any features","x":3000,"y":-3880,"persistWorkflow":false,"loadWorkflowContext":false,"saveWorkflowContext":false,"properties":[{"$id":"472","name":"Condition","syntax":"JavaScript","expressions":{"$id":"473","JavaScript":"!isNullOrEmpty(getVariable(\"AllowedFeatures\"))"}}],"propertyStorageProviders":{"$id":"474"}},{"$id":"475","activityId":"a9150565-71d9-4396-a5de-81778369a19d","type":"Finish","displayName":"Failed","x":2580,"y":-4000,"persistWorkflow":false,"loadWorkflowContext":false,"saveWorkflowContext":false,"properties":[{"$id":"476","name":"ActivityOutput","syntax":"JavaScript","expressions":{"$id":"477","JavaScript":""}},{"$id":"478","name":"OutcomeNames","expressions":{"$id":"479","Json":"[\"Failed\"]"}}],"propertyStorageProviders":{"$id":"480"}},{"$id":"481","activityId":"35060409-d563-4012-8634-d06c84a26d8a","type":"SetVariable","displayName":"ThesePerms","x":2780,"y":-4120,"persistWorkflow":false,"loadWorkflowContext":false,"saveWorkflowContext":false,"properties":[{"$id":"482","name":"VariableName","expressions":{"$id":"483","Literal":"ThesePerms"}},{"$id":"484","name":"Value","syntax":"JavaScript","expressions":{"$id":"485","JavaScript":"activities.getPerms.ExpandedOutput()"}}],"propertyStorageProviders":{"$id":"486"}},{"$id":"487","activityId":"ee9f5fac-19ee-4d58-9455-f69949bcdc7d","type":"Correlate","displayName":"Correlate","x":1720,"y":-4060,"persistWorkflow":false,"loadWorkflowContext":false,"saveWorkflowContext":false,"properties":[{"$id":"488","name":"Value","syntax":"JavaScript","expressions":{"$id":"489","JavaScript":"' no user ' + JSON.parse(activities.DecodeJWT.Output()).upn"}}],"propertyStorageProviders":{"$id":"490"}},{"$id":"491","activityId":"27393236-b834-472d-99da-2f91c34f7e07","type":"ObjectInstanceCreate","name":"CreateUser","displayName":"Create a User - ThisUser","x":2000,"y":-4060,"persistWorkflow":false,"loadWorkflowContext":false,"saveWorkflowContext":false,"properties":[{"$id":"492","name":"ObjectType","syntax":"Literal","expressions":{"$id":"493","Literal":"User"}},{"$id":"494","name":"Values","syntax":"JavaScript","expressions":{"$id":"495","JavaScript":"let JWT = JSON.parse(activities.DecodeJWT.Output())\r\nvar result = {\r\n    \"upn\": JWT.upn,\r\n    \"givenName\": JWT.given_Name,\r\n    \"familyName\":JWT.family_Name,\r\n    \"name\": JWT.name\r\n    \r\n};\r\nreturn result"}},{"$id":"496","name":"VariableName","expressions":{"$id":"497","Literal":"ThisUser"}}],"propertyStorageProviders":{"$id":"498"}},{"$id":"499","activityId":"de1db40e-3c76-42e5-80e5-1441a1a267bd","type":"SetVariable","displayName":"ThisUser","x":2100,"y":-4180,"persistWorkflow":false,"loadWorkflowContext":false,"saveWorkflowContext":false,"properties":[{"$id":"500","name":"VariableName","expressions":{"$id":"501","Literal":"ThisUser"}},{"$id":"502","name":"Value","syntax":"JavaScript","expressions":{"$id":"503","JavaScript":"activities.getUser.Output()[0]"}}],"propertyStorageProviders":{"$id":"504"}},{"$id":"505","activityId":"651d4b10-8cb6-47bc-a22d-05505dc0edcb","type":"ObjectInstanceList","name":"getPerms","displayName":"Get Permissions","x":2420,"y":-4120,"persistWorkflow":false,"loadWorkflowContext":false,"saveWorkflowContext":false,"properties":[{"$id":"506","name":"ObjectType","syntax":"Literal","expressions":{"$id":"507","Literal":"Permissions"}},{"$id":"508","name":"Expand","expressions":{"$id":"509","Literal":"true"}},{"$id":"510","name":"Filter","syntax":"Liquid","expressions":{"$id":"511","Liquid":"User eq {{Variables.ThisUser.ObjectId}}"}},{"$id":"512","name":"Skip","expressions":{"$id":"513"}},{"$id":"514","name":"Limit","expressions":{"$id":"515"}},{"$id":"516","name":"OrderBy","expressions":{"$id":"517"}}],"propertyStorageProviders":{"$id":"518"}},{"$id":"519","activityId":"b1918fb4-80a4-4509-9f89-986b37fc5d93","type":"If","displayName":"There is a User","x":1600,"y":-4180,"persistWorkflow":false,"loadWorkflowContext":false,"saveWorkflowContext":false,"properties":[{"$id":"520","name":"Condition","syntax":"JavaScript","expressions":{"$id":"521","JavaScript":"activities.getUser.Output().length>0"}}],"propertyStorageProviders":{"$id":"522"}},{"$id":"523","activityId":"1e668332-b285-4a40-8c83-61ce30dcc20a","type":"SetVariable","displayName":"UserInfo","x":1360,"y":-4540,"persistWorkflow":false,"loadWorkflowContext":false,"saveWorkflowContext":false,"properties":[{"$id":"524","name":"VariableName","expressions":{"$id":"525","Literal":"UserInfo"}},{"$id":"526","name":"Value","syntax":"JavaScript","expressions":{"$id":"527","JavaScript":"JSON.parse(activities.DecodeJWT.Output());"}}],"propertyStorageProviders":{"$id":"528"}},{"$id":"529","activityId":"ec1deac3-f7e2-419f-9d11-750a4c7f5a80","type":"Correlate","displayName":"Correlate","x":1440,"y":-4420,"persistWorkflow":false,"loadWorkflowContext":false,"saveWorkflowContext":false,"properties":[{"$id":"530","name":"Value","syntax":"JavaScript","expressions":{"$id":"531","JavaScript":"' checking '+ getVariable(\"Permission\") + ' for ' + JSON.parse(activities.DecodeJWT.Output()).upn"}}],"propertyStorageProviders":{"$id":"532"}},{"$id":"533","activityId":"4134818a-972f-4960-b17d-10b0b2888146","type":"ObjectInstanceList","name":"getUser","displayName":"Try to get a User from  JWT.upn","x":1480,"y":-4300,"persistWorkflow":false,"loadWorkflowContext":false,"saveWorkflowContext":false,"properties":[{"$id":"534","name":"ObjectType","syntax":"Literal","expressions":{"$id":"535","Literal":"User"}},{"$id":"536","name":"Expand","expressions":{"$id":"537","Literal":"false"}},{"$id":"538","name":"Filter","syntax":"JavaScript","expressions":{"$id":"539","JavaScript":"return `upn eq '` + JSON.parse(activities.DecodeJWT.Output()).upn + `'`"}},{"$id":"540","name":"Skip","expressions":{"$id":"541"}},{"$id":"542","name":"Limit","expressions":{"$id":"543"}},{"$id":"544","name":"OrderBy","expressions":{"$id":"545"}}],"propertyStorageProviders":{"$id":"546"}},{"$id":"547","activityId":"ca6525d7-b47a-4967-8bc6-3804680965f8","type":"SetVariable","displayName":"Token","x":820,"y":-4660,"persistWorkflow":false,"loadWorkflowContext":false,"saveWorkflowContext":false,"properties":[{"$id":"548","name":"VariableName","expressions":{"$id":"549","Literal":"Token"}},{"$id":"550","name":"Value","syntax":"JavaScript","expressions":{"$id":"551","JavaScript":"function getAccessToken(str) {\r\n    if (!str) {\r\n        return null;\r\n    }\r\n    \r\n    const match = str.match(/accessToken=([^;]*)/);\r\n    return match ? match[1] : null;\r\n}\r\n\r\nconst cookie = getVariable(\"htmlOut\")?.headers?.Cookie;\r\nreturn getAccessToken(cookie);"}}],"propertyStorageProviders":{"$id":"552"}},{"$id":"553","activityId":"30b53375-e279-4f44-a0f3-bdb2fe9a83d0","type":"Correlate","displayName":"Correlate","x":740,"y":-4780,"persistWorkflow":false,"loadWorkflowContext":false,"saveWorkflowContext":false,"properties":[{"$id":"554","name":"Value","syntax":"JavaScript","expressions":{"$id":"555","JavaScript":"' checking all features, '+getVariable(\"Permission\")"}}],"propertyStorageProviders":{"$id":"556"}},{"$id":"557","activityId":"d04d174f-a20d-4c03-867f-ccd8913bb00a","type":"RunJavaScript","displayName":"Start here with parameters","x":360,"y":-4900,"persistWorkflow":false,"loadWorkflowContext":false,"saveWorkflowContext":false,"properties":[{"$id":"558","name":"Script","syntax":"Literal","expressions":{"$id":"559","Literal":"setVariable(\"htmlOut\", input.html)  // we use this to get the cookie for JWT\r\nsetVariable(\"Permission\", input.Permission)  // eg 'Read'"}},{"$id":"560","name":"PossibleOutcomes","expressions":{"$id":"561"}}],"propertyStorageProviders":{"$id":"562"}},{"$id":"563","activityId":"2fa8c908-455a-4771-9afa-e61774cf4b4b","type":"Finish","displayName":"Failed","x":1100,"y":-4420,"persistWorkflow":false,"loadWorkflowContext":false,"saveWorkflowContext":false,"properties":[{"$id":"564","name":"ActivityOutput","syntax":"JavaScript","expressions":{"$id":"565","JavaScript":""}},{"$id":"566","name":"OutcomeNames","expressions":{"$id":"567","Json":"[\"Failed\"]"}}],"propertyStorageProviders":{"$id":"568"}},{"$id":"569","activityId":"4507dbb0-1ed3-499f-b4ae-f447509aca1f","type":"RemoveWorkflowInstances","displayName":"AuthUserHasPermission","x":780,"y":-4900,"persistWorkflow":false,"loadWorkflowContext":false,"saveWorkflowContext":false,"properties":[{"$id":"570","name":"WorkflowDefinitionName","expressions":{"$id":"571","Literal":"AuthGetUserPermissions"}},{"$id":"572","name":"VersionSelection","expressions":{"$id":"573","Literal":"All"}},{"$id":"574","name":"CustomVersion","expressions":{"$id":"575"}},{"$id":"576","name":"InstanceRetention","expressions":{"$id":"577","Literal":"2"}},{"$id":"578","name":"DateSelection","expressions":{"$id":"579"}},{"$id":"580","name":"IncludeIdle","expressions":{"$id":"581"}},{"$id":"582","name":"IncludeSuspended","expressions":{"$id":"583"}},{"$id":"584","name":"IncludeRunning","expressions":{"$id":"585"}}],"propertyStorageProviders":{"$id":"586"}}],"connections":[{"$id":"587","sourceActivityId":"39bfe728-2f9a-4666-a877-b8120a97c4d8","targetActivityId":"1e668332-b285-4a40-8c83-61ce30dcc20a","outcome":"Success"},{"$id":"588","sourceActivityId":"4134818a-972f-4960-b17d-10b0b2888146","targetActivityId":"b1918fb4-80a4-4509-9f89-986b37fc5d93","outcome":"Done"},{"$id":"589","sourceActivityId":"b1918fb4-80a4-4509-9f89-986b37fc5d93","targetActivityId":"de1db40e-3c76-42e5-80e5-1441a1a267bd","outcome":"True"},{"$id":"590","sourceActivityId":"de1db40e-3c76-42e5-80e5-1441a1a267bd","targetActivityId":"651d4b10-8cb6-47bc-a22d-05505dc0edcb","outcome":"Done"},{"$id":"591","sourceActivityId":"95eee41a-ead0-40a9-bad3-8b2cd41a667a","targetActivityId":"31d0afe4-c2d4-4097-b8e9-4fbdd30d539c","outcome":"True"},{"$id":"592","sourceActivityId":"95eee41a-ead0-40a9-bad3-8b2cd41a667a","targetActivityId":"1a6da16f-171b-4de5-8163-cf1ed8bb0f0e","outcome":"False"},{"$id":"593","sourceActivityId":"651d4b10-8cb6-47bc-a22d-05505dc0edcb","targetActivityId":"35060409-d563-4012-8634-d06c84a26d8a","outcome":"Done"},{"$id":"594","sourceActivityId":"d04d174f-a20d-4c03-867f-ccd8913bb00a","targetActivityId":"30b53375-e279-4f44-a0f3-bdb2fe9a83d0","outcome":"Done"},{"$id":"595","sourceActivityId":"30b53375-e279-4f44-a0f3-bdb2fe9a83d0","targetActivityId":"ca6525d7-b47a-4967-8bc6-3804680965f8","outcome":"Done"},{"$id":"596","sourceActivityId":"1e668332-b285-4a40-8c83-61ce30dcc20a","targetActivityId":"ec1deac3-f7e2-419f-9d11-750a4c7f5a80","outcome":"Done"},{"$id":"597","sourceActivityId":"ec1deac3-f7e2-419f-9d11-750a4c7f5a80","targetActivityId":"4134818a-972f-4960-b17d-10b0b2888146","outcome":"Done"},{"$id":"598","sourceActivityId":"b1918fb4-80a4-4509-9f89-986b37fc5d93","targetActivityId":"ee9f5fac-19ee-4d58-9455-f69949bcdc7d","outcome":"False"},{"$id":"599","sourceActivityId":"ee9f5fac-19ee-4d58-9455-f69949bcdc7d","targetActivityId":"27393236-b834-472d-99da-2f91c34f7e07","outcome":"Done"},{"$id":"600","sourceActivityId":"27393236-b834-472d-99da-2f91c34f7e07","targetActivityId":"651d4b10-8cb6-47bc-a22d-05505dc0edcb","outcome":"Done"},{"$id":"601","sourceActivityId":"ca6525d7-b47a-4967-8bc6-3804680965f8","targetActivityId":"39bfe728-2f9a-4666-a877-b8120a97c4d8","outcome":"Done"},{"$id":"602","sourceActivityId":"35060409-d563-4012-8634-d06c84a26d8a","targetActivityId":"f4e5c90a-c2ee-459e-92a0-c3a2a93329d9","outcome":"Done"},{"$id":"603","sourceActivityId":"f4e5c90a-c2ee-459e-92a0-c3a2a93329d9","targetActivityId":"95eee41a-ead0-40a9-bad3-8b2cd41a667a","outcome":"Done"},{"$id":"604","sourceActivityId":"39bfe728-2f9a-4666-a877-b8120a97c4d8","targetActivityId":"2fa8c908-455a-4771-9afa-e61774cf4b4b","outcome":"Failed"},{"$id":"605","sourceActivityId":"d04d174f-a20d-4c03-867f-ccd8913bb00a","targetActivityId":"4507dbb0-1ed3-499f-b4ae-f447509aca1f","outcome":"Done"},{"$id":"606","sourceActivityId":"651d4b10-8cb6-47bc-a22d-05505dc0edcb","targetActivityId":"a9150565-71d9-4396-a5de-81778369a19d","outcome":"Object type not found"}],"id":"b51e75090d9945ad95ce2c3e3d13cd3c"}