{"$id":"818","definitionId":"bbebe6dd8466446ea77cc64ea2bf9e77","versionId":"f76abcb922b74167b2271080cc636908","name":"Azure Ad Auth Flow","version":4,"variables":{"$id":"819","data":{}},"customAttributes":{"$id":"820","data":{}},"isSingleton":false,"persistenceBehavior":"WorkflowBurst","deleteCompletedInstances":false,"isPublished":true,"isLatest":true,"createdAt":"2024-08-09T03:28:55.1168019Z","activities":[{"$id":"821","activityId":"e57c5eb5-39f0-4e21-8f45-2a951aab8fbb","type":"HttpEndpoint","name":"httpSecure","displayName":"GET /secure","x":804,"y":124,"persistWorkflow":false,"loadWorkflowContext":false,"saveWorkflowContext":false,"properties":[{"$id":"822","name":"Path","expressions":{"$id":"823","Literal":"/secure"}},{"$id":"824","name":"Methods","expressions":{"$id":"825","Json":"[\"GET\"]"}},{"$id":"826","name":"ReadContent","expressions":{"$id":"827"}},{"$id":"828","name":"TargetType","expressions":{"$id":"829"}},{"$id":"830","name":"Schema","syntax":"Literal","expressions":{"$id":"831","Literal":""}},{"$id":"832","name":"Authorize","expressions":{"$id":"833"}},{"$id":"834","name":"Policy","expressions":{"$id":"835"}},{"$id":"836","name":"AuthorizeWithCustomHeader","expressions":{"$id":"837"}},{"$id":"838","name":"CustomHeaderName","expressions":{"$id":"839"}},{"$id":"840","name":"CustomHeaderValue","expressions":{"$id":"841"}}],"propertyStorageProviders":{"$id":"842"}},{"$id":"843","activityId":"8f972534-5a50-40b1-9bb7-ee1b26996147","type":"ObjectInstanceList","name":"GetSettings2","displayName":"List Settings","x":1220,"y":440,"persistWorkflow":false,"loadWorkflowContext":false,"saveWorkflowContext":false,"properties":[{"$id":"844","name":"ObjectType","syntax":"Literal","expressions":{"$id":"845","Literal":"Settings"}},{"$id":"846","name":"Filter","expressions":{"$id":"847"}},{"$id":"848","name":"Skip","expressions":{"$id":"849"}},{"$id":"850","name":"Limit","expressions":{"$id":"851"}},{"$id":"852","name":"OrderBy","expressions":{"$id":"853"}},{"$id":"854","name":"Expand","expressions":{"$id":"855"}}],"propertyStorageProviders":{"$id":"856"}},{"$id":"857","activityId":"027ac351-5809-43a5-b56e-2df7ecad0806","type":"If","displayName":"if callback with error","x":1520,"y":300,"persistWorkflow":false,"loadWorkflowContext":false,"saveWorkflowContext":false,"properties":[{"$id":"858","name":"Condition","syntax":"JavaScript","expressions":{"$id":"859","JavaScript":"if(isNullOrEmpty(activities.httpCallback.Output().QueryString.error)) {return false}\r\nreturn true"}}],"propertyStorageProviders":{"$id":"860"}},{"$id":"861","activityId":"f738c4d2-3ffa-4eb4-beb2-3c7c94423acd","type":"Correlate","displayName":"Correlate","x":1180,"y":640,"persistWorkflow":false,"loadWorkflowContext":false,"saveWorkflowContext":false,"properties":[{"$id":"862","name":"Value","expressions":{"$id":"863","Literal":"logoff"}}],"propertyStorageProviders":{"$id":"864"}},{"$id":"865","activityId":"8999daf7-c6ff-4f7f-ae32-97dd0effd36d","type":"ObjectInstanceList","name":"GetConfig","displayName":"List Settings","x":1200,"y":120,"persistWorkflow":false,"loadWorkflowContext":false,"saveWorkflowContext":false,"properties":[{"$id":"866","name":"ObjectType","syntax":"Literal","expressions":{"$id":"867","Literal":"Settings"}},{"$id":"868","name":"Filter","expressions":{"$id":"869"}},{"$id":"870","name":"Skip","expressions":{"$id":"871"}},{"$id":"872","name":"Limit","expressions":{"$id":"873"}},{"$id":"874","name":"OrderBy","expressions":{"$id":"875"}},{"$id":"876","name":"Expand","expressions":{"$id":"877"}}],"propertyStorageProviders":{"$id":"878"}},{"$id":"879","activityId":"fb9c14d8-dde7-4ce7-9e6a-b9c52bed7160","type":"RunJavaScript","displayName":"get Settings values","x":1560,"y":120,"persistWorkflow":false,"loadWorkflowContext":false,"saveWorkflowContext":false,"properties":[{"$id":"880","name":"Script","syntax":"Literal","expressions":{"$id":"881","Literal":"function getValueByKey(jsonData, key) {\r\n    for (let item of jsonData) {\r\n        if (item.Key === key) {\r\n            return item.Value;\r\n        }\r\n    }\r\n    return null; // Or handle \"key not found\" as needed\r\n}\r\n\r\nsetVariable(\"TenantId\", getValueByKey(activities.GetConfig.Output(),\"TenantId\"));\r\nsetVariable(\"ClientId\", getValueByKey(activities.GetConfig.Output(),\"ClientId\"));\r\nsetVariable(\"RedirectUrl\", getValueByKey(activities.GetConfig.Output(),\"RedirectUrl\"));"}},{"$id":"882","name":"PossibleOutcomes","expressions":{"$id":"883"}}],"propertyStorageProviders":{"$id":"884"}},{"$id":"885","activityId":"64b9175b-b1bc-4e5d-a86c-a9246372885a","type":"WriteHttpResponse","displayName":"Ask Microsoft for authority","x":1940,"y":120,"persistWorkflow":false,"loadWorkflowContext":false,"saveWorkflowContext":false,"properties":[{"$id":"886","name":"Content","syntax":"Liquid","expressions":{"$id":"887","Liquid":"<!DOCTYPE html>\r\n<html lang=\"en\">\r\n<head>\r\n    <meta charset=\"UTF-8\">\r\n    <meta name=\"viewport\" content=\"width=device-width, initial-scale=1.0\">\r\n    <title>Secure Login</title>\r\n    <link href=\"https://cdn.jsdelivr.net/npm/tailwindcss@2.2.19/dist/tailwind.min.css\" rel=\"stylesheet\">\r\n    <script>\r\n        const clientId = \"{{Variables.ClientId}}\"; // Replace with your Azure AD client ID\r\n        const tenantId = \"{{Variables.TenantId}}\"; // Replace with your Azure AD tenant ID\r\n        const redirectUri = \"{{Variables.RedirectUrl}}\"; // Your redirect URI\r\n        \r\n        // Generate a random string for the code verifier\r\n        function generateRandomString(length) {\r\n            let text = '';\r\n            const possible = 'ABCDEFGHIJKLMNOPQRSTUVWXYZabcdefghijklmnopqrstuvwxyz0123456789-._~';\r\n            for (let i = 0; i < length; i++) {\r\n                text += possible.charAt(Math.floor(Math.random() * possible.length));\r\n            }\r\n            return text;\r\n        }\r\n        \r\n        // Encode string to Base64 URL format\r\n        function base64UrlEncode(str) {\r\n            return btoa(str).replace(/\\+/g, '-').replace(/\\//g, '_').replace(/=+$/, '');\r\n        }\r\n        \r\n        // Generate code challenge from verifier\r\n        async function generateCodeChallenge(codeVerifier) {\r\n            const encoder = new TextEncoder();\r\n            const data = encoder.encode(codeVerifier);\r\n            const hashed = await crypto.subtle.digest('SHA-256', data);\r\n            return base64UrlEncode(String.fromCharCode(...new Uint8Array(hashed)));\r\n        }\r\n        \r\n        // Redirect to Azure AD login page\r\n        function redirectToLogin(codeChallenge) {\r\n            const url = `https://login.microsoftonline.com/${tenantId}/oauth2/v2.0/authorize?` +\r\n                `client_id=${clientId}&response_type=code&redirect_uri=${encodeURIComponent(redirectUri)}` +\r\n                `&response_mode=query&scope=openid profile user.read&code_challenge=${codeChallenge}` +\r\n                `&code_challenge_method=S256`;\r\n            window.location.href = url;\r\n        }\r\n        \r\n        // Function to initiate the auth process\r\n        async function initiateAuthProcess() {\r\n            const codeVerifier = generateRandomString(128);\r\n            const codeChallenge = await generateCodeChallenge(codeVerifier);\r\n            localStorage.setItem(\"codeVerifier\", codeVerifier); // Store the verifier\r\n            redirectToLogin(codeChallenge);\r\n        }\r\n        \r\n        // Function to set a cookie\r\n        function setCookie(name, value, days) {\r\n            const d = new Date();\r\n            d.setTime(d.getTime() + (days*24*60*60*1000));\r\n            const expires = \"expires=\" + d.toUTCString();\r\n            document.cookie = name + \"=\" + value + \";\" + expires + \";path=/\";\r\n        }\r\n        \r\n        // Function to get a cookie by name\r\n        function getCookie(name) {\r\n            const value = `; ${document.cookie}`;\r\n            const parts = value.split(`; ${name}=`);\r\n            if (parts.length === 2) return parts.pop().split(';').shift();\r\n        }\r\n\r\n        // Function to handle the callback from Azure AD\r\n        async function handleAuthCallback() {\r\n            const urlParams = new URLSearchParams(window.location.search);\r\n            const code = urlParams.get('code');\r\n            if (code) {\r\n                const codeVerifier = localStorage.getItem(\"codeVerifier\"); // Retrieve the verifier\r\n        \r\n                const tokenRequestData = {\r\n                    client_id: clientId,\r\n                    grant_type: 'authorization_code',\r\n                    code: code,\r\n                    redirect_uri: redirectUri,\r\n                    code_verifier: codeVerifier // Use the retrieved verifier\r\n                };\r\n                const response = await fetch(`https://login.microsoftonline.com/${tenantId}/oauth2/v2.0/token`, {\r\n                    method: 'POST',\r\n                    headers: {\r\n                        'Content-Type': 'application/x-www-form-urlencoded'\r\n                    },\r\n                    body: Object.keys(tokenRequestData).map(key => `${encodeURIComponent(key)}=${encodeURIComponent(tokenRequestData[key])}`).join('&')\r\n                });\r\n        \r\n                const responseData = await response.json();\r\n                if (responseData.access_token) {\r\n                    setCookie(\"accessToken\", responseData.access_token, 1); // Store access token in a cookie\r\n                    // Redirect or update UI after successful login\r\n                }\r\n            }\r\n        }\r\n        \r\n        // Call this function on the page which handles the callback (e.g., http://localhost/callback)\r\n        handleAuthCallback();\r\n    </script> \r\n</head>\r\n<body>\r\n    <div class=\"bg-white\">\r\n        <!-- Header -->\r\n        <header class=\"absolute inset-x-0 top-0 z-50\">\r\n            <nav class=\"mx-auto flex max-w-7xl items-center justify-between p-6 lg:px-8\" aria-label=\"Global\">\r\n                <div class=\"flex lg:flex-1\">\r\n                    <div class=\"flex lg:hidden\">\r\n                        <button type=\"button\" class=\"-m-2.5 inline-flex items-center justify-center rounded-md p-2.5 text-gray-700\">\r\n                            <span class=\"sr-only\">Open main menu</span>\r\n                            <svg class=\"h-6 w-6\" fill=\"none\" viewBox=\"0 0 24 24\" stroke-width=\"1.5\" stroke=\"currentColor\" aria-hidden=\"true\">\r\n                                <path stroke-linecap=\"round\" stroke-linejoin=\"round\" d=\"M3.75 6.75h16.5M3.75 12h16.5m-16.5 5.25h16.5\" />\r\n                            </svg>\r\n                        </button>\r\n                    </div>\r\n                </div>\r\n            </nav>\r\n        </header>\r\n  \r\n        <main class=\"isolate\">\r\n            <!-- Hero section -->\r\n            <div class=\"relative isolate -z-10\">\r\n                <svg class=\"absolute inset-x-0 top-0 -z-10 h-[64rem] w-full stroke-gray-200 [mask-image:radial-gradient(32rem_32rem_at_center,white,transparent)]\" aria-hidden=\"true\">\r\n                    <defs>\r\n                        <pattern id=\"1f932ae7-37de-4c0a-a8b0-a6e3b4d44b84\" width=\"200\" height=\"200\" x=\"50%\" y=\"-1\" patternUnits=\"userSpaceOnUse\">\r\n                            <path d=\"M.5 200V.5H200\" fill=\"none\" />\r\n                        </pattern>\r\n                    </defs>\r\n                </svg>\r\n                <div class=\"absolute left-1/2 right-0 top-0 -z-10 -ml-24 transform-gpu overflow-hidden blur-3xl lg:ml-24 xl:ml-48\" aria-hidden=\"true\">\r\n                    <div class=\"aspect-[801/1036] w-[50.0625rem] bg-gradient-to-tr from-[#ff80b5] to-[#9089fc] opacity-30\" style=\"clip-path: polygon(63.1% 29.5%, 100% 17.1%, 76.6% 3%, 48.4% 0%, 44.6% 4.7%, 54.5% 25.3%, 59.8% 49%, 55.2% 57.8%, 44.4% 57.2%, 27.8% 47.9%, 35.1% 81.5%, 0% 97.7%, 39.2% 100%, 35.2% 81.4%, 97.2% 52.8%, 63.1% 29.5%)\"></div>\r\n                </div>\r\n                <div class=\"overflow-hidden\">\r\n                    <div class=\"mx-auto max-w-7xl px-6 pb-32 pt-36 sm:pt-60 lg:px-8 lg:pt-32\">\r\n                        <div class=\"mx-auto max-w-2xl gap-x-14 lg:mx-0 lg:flex lg:max-w-none lg:items-center\">\r\n                            <div class=\"w-full max-w-xl lg:shrink-0 xl:max-w-2xl\">\r\n                                <h1 class=\"text-4xl font-bold tracking-tight text-gray-900 sm:text-6xl\">Secure Admin Access.</h1>\r\n                                <p class=\"relative mt-6 text-lg leading-8 text-gray-600 sm:max-w-md lg:max-w-none\">Login here to view reports and administer the system.</p>\r\n                            </div>\r\n                            <div class=\"mt-14 flex justify-end gap-8 sm:-mt-44 sm:justify-start sm:pl-20 lg:mt-0 lg:pl-0\">\r\n                                <div class=\"ml-auto w-44 flex-none space-y-8 pt-32 sm:ml-0 sm:pt-80 lg:order-last lg:pt-36 xl:order-none xl:pt-80\">\r\n                                    <div class=\"relative\">\r\n                                        <img src=\"https://images.unsplash.com/photo-1557804506-669a67965ba0?ixlib=rb-4.0.3&ixid=MnwxMjA3fDB8MHxwaG90by1wYWdlfHx8fGVufDB8fHx8&auto=format&fit=crop&h=528&q=80\" alt=\"\" class=\"aspect-[2/3] w-full rounded-xl bg-gray-900/5 object-cover shadow-lg\">\r\n                                        <div class=\"pointer-events-none absolute inset-0 rounded-xl ring-1 ring-inset ring-gray-900/10\"></div>\r\n                                    </div>\r\n                                </div>\r\n                                <div class=\"mr-auto w-44 flex-none space-y-8 sm:mr-0 sm:pt-52 lg:pt-36\">\r\n                                    <div class=\"relative\">\r\n                                        <img src=\"https://images.unsplash.com/photo-1485217988980-11786ced9454?ixlib=rb-4.0.3&ixid=MnwxMjA3fDB8MHxwaG90by1wYWdlfHx8fGVufDB8fHx8&auto=format&fit=crop&h=528&q=80\" alt=\"\" class=\"aspect-[2/3] w-full rounded-xl bg-gray-900/5 object-cover shadow-lg\">\r\n                                        <div class=\"pointer-events-none absolute inset-0 rounded-xl ring-1 ring-inset ring-gray-900/10\"></div>\r\n                                    </div>\r\n                                    <div class=\"relative\">\r\n                                        <img src=\"https://images.unsplash.com/photo-1559136555-9303baea8ebd?ixlib=rb-4.0.3&ixid=MnwxMjA3fDB8MHxwaG90by1wYWdlfHx8fGVufDB8fHx8&auto=format&fit=crop&crop=focalpoint&fp-x=.4&w=396&h=528&q=80\" alt=\"\" class=\"aspect-[2/3] w-full rounded-xl bg-gray-900/5 object-cover shadow-lg\">\r\n                                        <div class=\"pointer-events-none absolute inset-0 rounded-xl ring-1 ring-inset ring-gray-900/10\"></div>\r\n                                    </div>\r\n                                </div>\r\n                                <div class=\"w-44 flex-none space-y-8 pt-32 sm:pt-0\">\r\n                                    <div class=\"relative\">\r\n                                        <img src=\"https://images.unsplash.com/photo-1670272504528-790c24957dda?ixlib=rb-4.0.3&ixid=MnwxMjA3fDF8MHxwaG90by1wYWdlfHx8fGVufDB8fHx8&auto=format&fit=crop&crop=left&w=400&h=528&q=80\" alt=\"\" class=\"aspect-[2/3] w-full rounded-xl bg-gray-900/5 object-cover shadow-lg\">\r\n                                        <div class=\"pointer-events-none absolute inset-0 rounded-xl ring-1 ring-inset ring-gray-900/10\"></div>\r\n                                    </div>\r\n                                    <div class=\"relative\">\r\n                                        <img src=\"https://images.unsplash.com/photo-1670272505284-8faba1c31f7d?ixlib=rb-4.0.3&ixid=MnwxMjA3fDF8MHxwaG90by1wYWdlfHx8fGVufDB8fHx8&auto=format&fit=crop&h=528&q=80\" alt=\"\" class=\"aspect-[2/3] w-full rounded-xl bg-gray-900/5 object-cover shadow-lg\">\r\n                                        <div class=\"pointer-events-none absolute inset-0 rounded-xl ring-1 ring-inset ring-gray-900/10\"></div>\r\n                                    </div>\r\n                                </div>\r\n                            </div>\r\n                        </div>\r\n                    </div>\r\n                </div>\r\n            </div>\r\n  \r\n            <div class=\"bg-white\">\r\n                <div class=\"mx-auto max-w-7xl px-6 py-2 sm:py-2 lg:px-8\">\r\n                    <div class=\"mt-10 flex items-center gap-x-6\">\r\n                        <button id=\"loginButton\" class=\"rounded-md bg-indigo-600 px-3.5 py-2.5 text-sm font-semibold text-white shadow-sm hover:bg-indigo-500 focus-visible:outline focus-visible:outline-2 focus-visible:outline-offset-2 focus-visible:outline-indigo-600\">Log In</button>\r\n                    </div>\r\n                </div>\r\n            </div>\r\n        </main>\r\n  \r\n        <!-- Footer -->\r\n        <footer class=\"mx-auto mt-5 max-w-7xl overflow-hidden px-6 pb-20 sm:mt-20 sm:pb-24 lg:px-8\">\r\n            <p class=\"mt-10 text-center text-xs leading-5 text-gray-500\">&copy; 2024 World of Workflows Pty Ltd. All rights reserved.</p>\r\n        </footer>\r\n    </div>\r\n    <script>\r\n        document.getElementById('loginButton').addEventListener('click', function() {\r\n            initiateAuthProcess();\r\n        });\r\n    </script>\r\n</body>\r\n</html>\r\n"}},{"$id":"888","name":"ContentType","expressions":{"$id":"889","Literal":"text/html"}},{"$id":"890","name":"StatusCode","expressions":{"$id":"891","Literal":"OK"}},{"$id":"892","name":"CharSet","expressions":{"$id":"893","Literal":"utf-8"}},{"$id":"894","name":"ResponseHeaders","expressions":{"$id":"895"}}],"propertyStorageProviders":{"$id":"896"}},{"$id":"897","activityId":"90524166-867b-44ff-b89f-63efb31d22c9","type":"Correlate","displayName":"Correlate","x":1200,"y":300,"persistWorkflow":false,"loadWorkflowContext":false,"saveWorkflowContext":false,"properties":[{"$id":"898","name":"Value","expressions":{"$id":"899","Literal":"callback"}}],"propertyStorageProviders":{"$id":"900"}},{"$id":"901","activityId":"ec60eb74-b7ea-4821-8190-346202e0f3f4","type":"HttpEndpoint","name":"httpCallback","displayName":"GET & Read /callback","x":800,"y":300,"persistWorkflow":false,"loadWorkflowContext":false,"saveWorkflowContext":false,"properties":[{"$id":"902","name":"Path","expressions":{"$id":"903","Literal":"/callback"}},{"$id":"904","name":"Methods","expressions":{"$id":"905","Json":"[\"GET\"]"}},{"$id":"906","name":"ReadContent","expressions":{"$id":"907","Literal":"true"}},{"$id":"908","name":"TargetType","expressions":{"$id":"909"}},{"$id":"910","name":"Schema","syntax":"Literal","expressions":{"$id":"911","Literal":""}},{"$id":"912","name":"Authorize","expressions":{"$id":"913"}},{"$id":"914","name":"Policy","expressions":{"$id":"915"}},{"$id":"916","name":"AuthorizeWithCustomHeader","expressions":{"$id":"917"}},{"$id":"918","name":"CustomHeaderName","expressions":{"$id":"919"}},{"$id":"920","name":"CustomHeaderValue","expressions":{"$id":"921"}}],"propertyStorageProviders":{"$id":"922"}},{"$id":"923","activityId":"e8b3f357-9914-4156-989a-838fca566fc8","type":"ObjectInstanceList","name":"GetSettings3","displayName":"List Settings","x":1500,"y":640,"persistWorkflow":false,"loadWorkflowContext":false,"saveWorkflowContext":false,"properties":[{"$id":"924","name":"ObjectType","syntax":"Literal","expressions":{"$id":"925","Literal":"Settings"}},{"$id":"926","name":"Filter","expressions":{"$id":"927"}},{"$id":"928","name":"Skip","expressions":{"$id":"929"}},{"$id":"930","name":"Limit","expressions":{"$id":"931"}},{"$id":"932","name":"OrderBy","expressions":{"$id":"933"}},{"$id":"934","name":"Expand","expressions":{"$id":"935"}}],"propertyStorageProviders":{"$id":"936"}},{"$id":"937","activityId":"56a6e045-5d69-4297-b74b-30313c9ed3c2","type":"RunJavaScript","displayName":"get Settings values","x":1860,"y":640,"persistWorkflow":false,"loadWorkflowContext":false,"saveWorkflowContext":false,"properties":[{"$id":"938","name":"Script","syntax":"Literal","expressions":{"$id":"939","Literal":"function getValueByKey(jsonData, key) {\r\n    for (let item of jsonData) {\r\n        if (item.Key === key) {\r\n            return item.Value;\r\n        }\r\n    }\r\n    return null; // Or handle \"key not found\" as needed\r\n}\r\n\r\nsetVariable(\"TenantId\", getValueByKey(activities.GetSettings3.Output(),\"TenantId\"));\r\nsetVariable(\"ClientId\", getValueByKey(activities.GetSettings3.Output(),\"ClientId\"));\r\nsetVariable(\"RedirectUrl\", getValueByKey(activities.GetSettings3.Output(),\"RedirectUrl\"));\r\nsetVariable(\"SecurePage\", getValueByKey(activities.GetSettings3.Output(),\"SecurePage\"));"}},{"$id":"940","name":"PossibleOutcomes","expressions":{"$id":"941"}}],"propertyStorageProviders":{"$id":"942"}},{"$id":"943","activityId":"a0827fe8-4218-4429-8e12-95e4a4a0fcf1","type":"WriteHttpResponse","displayName":"clean localStorage & redirect to login page","x":2240,"y":640,"persistWorkflow":false,"loadWorkflowContext":false,"saveWorkflowContext":false,"properties":[{"$id":"944","name":"Content","syntax":"Liquid","expressions":{"$id":"945","Literal":"","Liquid":"<!DOCTYPE html>\n<html lang=\"en\">\n<head>\n    <meta charset=\"UTF-8\">\n    <meta name=\"viewport\" content=\"width=device-width, initial-scale=1.0\">\n    <title>Logout Page</title>\n</head>\n<script>\n\n    // Function to delete a cookie\n    function deleteCookie(name) {\n        document.cookie = name + \"=; Max-Age=-99999999; path=/\";   \n    }\n\n    function logout() {\n            localStorage.removeItem(\"accessToken\");\n            localStorage.removeItem(\"idToken\");\n            localStorage.removeItem(\"refreshToken\");\n\n            deleteCookie(\"accessToken\");\n            deleteCookie(\"refreshToken\");\n\n     //       localStorage.removeItem(\"username\"); // Clear any other relevant data\n     //       localStorage.removeItem(\"name\"); // Clear any other relevant data\n\n\n    \n        // Redirect the user to Azure AD logout endpoint\n        window.location.href = 'https://login.microsoftonline.com/{{Variables.TenantId}}/oauth2/logout?post_logout_redirect_uri={{Variables.SecurePage}}';\n        // Replace {tenant_id} with your Azure AD tenant ID\n        // Replace {your_redirect_uri} with the URI where you want to redirect users after logout\n    }\n\n    window.onload = logout;\n</script>\n\n<body>\n</body>\n</html>"}},{"$id":"946","name":"ContentType","expressions":{"$id":"947","Literal":"text/html"}},{"$id":"948","name":"StatusCode","expressions":{"$id":"949","Literal":"OK"}},{"$id":"950","name":"CharSet","expressions":{"$id":"951","Literal":"utf-8"}},{"$id":"952","name":"ResponseHeaders","expressions":{"$id":"953"}}],"propertyStorageProviders":{"$id":"954"}},{"$id":"955","activityId":"91df40d3-6cf5-4869-b977-0fece4b90e7b","type":"RunJavaScript","displayName":"get Settings values","x":1580,"y":440,"persistWorkflow":false,"loadWorkflowContext":false,"saveWorkflowContext":false,"properties":[{"$id":"956","name":"Script","syntax":"Literal","expressions":{"$id":"957","Literal":"function getValueByKey(jsonData, key) {\r\n    for (let item of jsonData) {\r\n        if (item.Key === key) {\r\n            return item.Value;\r\n        }\r\n    }\r\n    return null; // Or handle \"key not found\" as needed\r\n}\r\n\r\nsetVariable(\"TenantId\", getValueByKey(activities.GetSettings2.Output(),\"TenantId\"));\r\nsetVariable(\"ClientId\", getValueByKey(activities.GetSettings2.Output(),\"ClientId\"));\r\nsetVariable(\"RedirectUrl\", getValueByKey(activities.GetSettings2.Output(),\"RedirectUrl\"));\r\nsetVariable(\"SecurePage\", getValueByKey(activities.GetSettings2.Output(),\"SecurePage\"));"}},{"$id":"958","name":"PossibleOutcomes","expressions":{"$id":"959"}}],"propertyStorageProviders":{"$id":"960"}},{"$id":"961","activityId":"1752a464-8181-42af-a3ee-54dd6a409cd6","type":"WriteHttpResponse","displayName":"save access_token and redirect to Secure_Page","x":1940,"y":440,"persistWorkflow":false,"loadWorkflowContext":false,"saveWorkflowContext":false,"properties":[{"$id":"962","name":"Content","syntax":"Liquid","expressions":{"$id":"963","Liquid":"<!DOCTYPE html>\r\n<html>\r\n    <head>\r\n        <meta charset=\"UTF-8\">\r\n        <meta name=\"viewport\" content=\"width=device-width, initial-scale=1.0\">\r\n        <title>Authentication Manager</title>\r\n        <link href=\"https://cdn.jsdelivr.net/npm/tailwindcss@2.2.19/dist/tailwind.min.css\" rel=\"stylesheet\">\r\n        <script>\r\n            const clientId = \"{{Variables.ClientId}}\"; // Replace with your Azure AD client ID\r\n            const tenantId = \"{{Variables.TenantId}}\"; // Replace with your Azure AD tenant ID\r\n            const redirectUri = \"{{Variables.RedirectUrl}}\"; // Your redirect URI\r\n\r\n            // Function to set a cookie\r\n            function setCookie(name, value, days) {\r\n                const d = new Date();\r\n                d.setTime(d.getTime() + (days*24*60*60*1000));\r\n                const expires = \"expires=\" + d.toUTCString();\r\n                document.cookie = name + \"=\" + value + \";\" + expires + \";path=/\";\r\n            }\r\n\r\n            // Function to handle the callback from Azure AD\r\n            async function handleAuthCallback() {\r\n                const urlParams = new URLSearchParams(window.location.search);\r\n                const code = urlParams.get('code');\r\n                if (code) {\r\n                    const codeVerifier = localStorage.getItem(\"codeVerifier\"); // Retrieve the verifier\r\n                    const tokenRequestData = {\r\n                        client_id: clientId,\r\n                        grant_type: 'authorization_code',\r\n                        code: code,\r\n                        redirect_uri: redirectUri,\r\n                        code_verifier: codeVerifier // Use the retrieved verifier\r\n                    };\r\n\r\n                    const response = await fetch(`https://login.microsoftonline.com/${tenantId}/oauth2/v2.0/token`, {\r\n                        method: 'POST',\r\n                        headers: {\r\n                            'Content-Type': 'application/x-www-form-urlencoded'\r\n                        },\r\n                        body: Object.keys(tokenRequestData).map(key => `${encodeURIComponent(key)}=${encodeURIComponent(tokenRequestData[key])}`).join('&')\r\n                    });\r\n\r\n                    const responseData = await response.json();\r\n                    if (responseData.access_token) {\r\n                        setCookie(\"accessToken\", responseData.access_token, 1); // Store access token in a cookie\r\n                        if (responseData.refresh_token) {\r\n                            setCookie(\"refreshToken\", responseData.refresh_token, 1); // Store refresh token in a cookie\r\n                        }\r\n                        // Redirect or update UI after successful login\r\n                        window.location.href = \"{{Variables.SecurePage}}\"; // Redirect to a secure page or home page\r\n                    } else {\r\n                        console.error(\"Error obtaining tokens\", responseData.error);\r\n                    }\r\n                } else {\r\n                    console.error(\"No code parameter in URL\");\r\n                }\r\n            }\r\n\r\n            handleAuthCallback();\r\n        </script> <!-- JavaScript file to handle the callback -->\r\n    </head>\r\n    <body class=\"bg-gray-100 flex items-center justify-center h-screen\">\r\n        <div class=\"text-center p-10 bg-white shadow-md rounded-lg\">\r\n            <h1 class=\"text-4xl font-bold text-gray-800 mb-4\">Authentication Manager</h1>\r\n            <p class=\"text-lg text-gray-600\">Processing authentication...</p>\r\n        </div>\r\n    </body>\r\n</html>\r\n"}},{"$id":"964","name":"ContentType","expressions":{"$id":"965","Literal":"text/html"}},{"$id":"966","name":"StatusCode","expressions":{"$id":"967","Literal":"OK"}},{"$id":"968","name":"CharSet","expressions":{"$id":"969","Literal":"utf-8"}},{"$id":"970","name":"ResponseHeaders","expressions":{"$id":"971"}}],"propertyStorageProviders":{"$id":"972"}},{"$id":"973","activityId":"b58b5e2d-6fa3-4232-b335-fa4f7d8fa51d","type":"Redirect","displayName":"/secure","x":1920,"y":300,"persistWorkflow":false,"loadWorkflowContext":false,"saveWorkflowContext":false,"properties":[{"$id":"974","name":"Location","expressions":{"$id":"975","Literal":"/secure"}},{"$id":"976","name":"Permanent","expressions":{"$id":"977"}}],"propertyStorageProviders":{"$id":"978"}},{"$id":"979","activityId":"8ac470f7-5723-43b0-975a-70cd33a75fd9","type":"HttpEndpoint","displayName":"GET & Read /azlogoff","x":800,"y":640,"persistWorkflow":false,"loadWorkflowContext":false,"saveWorkflowContext":false,"properties":[{"$id":"980","name":"Path","expressions":{"$id":"981","Literal":"/azlogoff"}},{"$id":"982","name":"Methods","expressions":{"$id":"983","Json":"[\"GET\"]"}},{"$id":"984","name":"ReadContent","expressions":{"$id":"985","Literal":"true"}},{"$id":"986","name":"TargetType","expressions":{"$id":"987"}},{"$id":"988","name":"Schema","syntax":"Literal","expressions":{"$id":"989","Literal":""}},{"$id":"990","name":"Authorize","expressions":{"$id":"991"}},{"$id":"992","name":"Policy","expressions":{"$id":"993"}},{"$id":"994","name":"AuthorizeWithCustomHeader","expressions":{"$id":"995"}},{"$id":"996","name":"CustomHeaderName","expressions":{"$id":"997"}},{"$id":"998","name":"CustomHeaderValue","expressions":{"$id":"999"}}],"propertyStorageProviders":{"$id":"1000"}},{"$id":"1001","activityId":"d60c939a-aeaa-48e8-8958-3a7ac4ee131d","type":"RemoveWorkflowInstances","displayName":"Azure Ad Auth Flow","x":2820,"y":640,"persistWorkflow":false,"loadWorkflowContext":false,"saveWorkflowContext":false,"properties":[{"$id":"1002","name":"WorkflowDefinitionName","expressions":{"$id":"1003","Literal":"Azure Ad Auth Flow"}},{"$id":"1004","name":"VersionSelection","expressions":{"$id":"1005","Literal":"All"}},{"$id":"1006","name":"CustomVersion","expressions":{"$id":"1007"}},{"$id":"1008","name":"InstanceRetention","expressions":{"$id":"1009","Literal":"1"}},{"$id":"1010","name":"DateSelection","expressions":{"$id":"1011"}},{"$id":"1012","name":"IncludeIdle","expressions":{"$id":"1013"}},{"$id":"1014","name":"IncludeSuspended","expressions":{"$id":"1015"}},{"$id":"1016","name":"IncludeRunning","expressions":{"$id":"1017"}}],"propertyStorageProviders":{"$id":"1018"}},{"$id":"1019","activityId":"48e03434-6f22-4197-a220-29a961833a7c","type":"RemoveWorkflowInstances","displayName":"Azure Ad Auth Flow","x":2500,"y":440,"persistWorkflow":false,"loadWorkflowContext":false,"saveWorkflowContext":false,"properties":[{"$id":"1020","name":"WorkflowDefinitionName","expressions":{"$id":"1021","Literal":"Azure Ad Auth Flow"}},{"$id":"1022","name":"VersionSelection","expressions":{"$id":"1023","Literal":"All"}},{"$id":"1024","name":"CustomVersion","expressions":{"$id":"1025"}},{"$id":"1026","name":"InstanceRetention","expressions":{"$id":"1027","Literal":"1"}},{"$id":"1028","name":"DateSelection","expressions":{"$id":"1029"}},{"$id":"1030","name":"IncludeIdle","expressions":{"$id":"1031"}},{"$id":"1032","name":"IncludeSuspended","expressions":{"$id":"1033"}},{"$id":"1034","name":"IncludeRunning","expressions":{"$id":"1035"}}],"propertyStorageProviders":{"$id":"1036"}},{"$id":"1037","activityId":"7378c85d-a653-460e-9d53-37a76ad9e3e4","type":"RemoveWorkflowInstances","displayName":"Azure Ad Auth Flow","x":2360,"y":120,"persistWorkflow":false,"loadWorkflowContext":false,"saveWorkflowContext":false,"properties":[{"$id":"1038","name":"WorkflowDefinitionName","expressions":{"$id":"1039","Literal":"Azure Ad Auth Flow"}},{"$id":"1040","name":"VersionSelection","expressions":{"$id":"1041","Literal":"All"}},{"$id":"1042","name":"CustomVersion","expressions":{"$id":"1043"}},{"$id":"1044","name":"InstanceRetention","expressions":{"$id":"1045","Literal":"1"}},{"$id":"1046","name":"DateSelection","expressions":{"$id":"1047"}},{"$id":"1048","name":"IncludeIdle","expressions":{"$id":"1049"}},{"$id":"1050","name":"IncludeSuspended","expressions":{"$id":"1051"}},{"$id":"1052","name":"IncludeRunning","expressions":{"$id":"1053"}}],"propertyStorageProviders":{"$id":"1054"}}],"connections":[{"$id":"1055","sourceActivityId":"e57c5eb5-39f0-4e21-8f45-2a951aab8fbb","targetActivityId":"8999daf7-c6ff-4f7f-ae32-97dd0effd36d","outcome":"Done"},{"$id":"1056","sourceActivityId":"8999daf7-c6ff-4f7f-ae32-97dd0effd36d","targetActivityId":"fb9c14d8-dde7-4ce7-9e6a-b9c52bed7160","outcome":"Done"},{"$id":"1057","sourceActivityId":"fb9c14d8-dde7-4ce7-9e6a-b9c52bed7160","targetActivityId":"64b9175b-b1bc-4e5d-a86c-a9246372885a","outcome":"Done"},{"$id":"1058","sourceActivityId":"8f972534-5a50-40b1-9bb7-ee1b26996147","targetActivityId":"91df40d3-6cf5-4869-b977-0fece4b90e7b","outcome":"Done"},{"$id":"1059","sourceActivityId":"91df40d3-6cf5-4869-b977-0fece4b90e7b","targetActivityId":"1752a464-8181-42af-a3ee-54dd6a409cd6","outcome":"Done"},{"$id":"1060","sourceActivityId":"f738c4d2-3ffa-4eb4-beb2-3c7c94423acd","targetActivityId":"e8b3f357-9914-4156-989a-838fca566fc8","outcome":"Done"},{"$id":"1061","sourceActivityId":"8ac470f7-5723-43b0-975a-70cd33a75fd9","targetActivityId":"f738c4d2-3ffa-4eb4-beb2-3c7c94423acd","outcome":"Done"},{"$id":"1062","sourceActivityId":"ec60eb74-b7ea-4821-8190-346202e0f3f4","targetActivityId":"90524166-867b-44ff-b89f-63efb31d22c9","outcome":"Done"},{"$id":"1063","sourceActivityId":"90524166-867b-44ff-b89f-63efb31d22c9","targetActivityId":"027ac351-5809-43a5-b56e-2df7ecad0806","outcome":"Done"},{"$id":"1064","sourceActivityId":"027ac351-5809-43a5-b56e-2df7ecad0806","targetActivityId":"b58b5e2d-6fa3-4232-b335-fa4f7d8fa51d","outcome":"True"},{"$id":"1065","sourceActivityId":"027ac351-5809-43a5-b56e-2df7ecad0806","targetActivityId":"8f972534-5a50-40b1-9bb7-ee1b26996147","outcome":"False"},{"$id":"1066","sourceActivityId":"e8b3f357-9914-4156-989a-838fca566fc8","targetActivityId":"56a6e045-5d69-4297-b74b-30313c9ed3c2","outcome":"Done"},{"$id":"1067","sourceActivityId":"56a6e045-5d69-4297-b74b-30313c9ed3c2","targetActivityId":"a0827fe8-4218-4429-8e12-95e4a4a0fcf1","outcome":"Done"},{"$id":"1068","sourceActivityId":"a0827fe8-4218-4429-8e12-95e4a4a0fcf1","targetActivityId":"d60c939a-aeaa-48e8-8958-3a7ac4ee131d","outcome":"Done"},{"$id":"1069","sourceActivityId":"1752a464-8181-42af-a3ee-54dd6a409cd6","targetActivityId":"48e03434-6f22-4197-a220-29a961833a7c","outcome":"Done"},{"$id":"1070","sourceActivityId":"64b9175b-b1bc-4e5d-a86c-a9246372885a","targetActivityId":"7378c85d-a653-460e-9d53-37a76ad9e3e4","outcome":"Done"}],"id":"f76abcb922b74167b2271080cc636908"}