{"$id":"1071","definitionId":"2b63cdd62ba64a209c680e6f588a75fa","versionId":"24d89f23cba44c94a85b63b0be08d033","name":"CustomerPage","version":2,"variables":{"$id":"1072","data":{}},"customAttributes":{"$id":"1073","data":{}},"isSingleton":false,"persistenceBehavior":"WorkflowBurst","deleteCompletedInstances":false,"isPublished":true,"isLatest":true,"createdAt":"2024-08-09T02:56:22.7408119Z","activities":[{"$id":"1074","activityId":"346b575e-6459-4db8-90f8-082cecade6bd","type":"HttpEndpoint","name":"CustomerDataIncoming","displayName":"GET & Read /customer","x":944,"y":144,"persistWorkflow":false,"loadWorkflowContext":false,"saveWorkflowContext":false,"properties":[{"$id":"1075","name":"Path","expressions":{"$id":"1076","Literal":"/customer"}},{"$id":"1077","name":"Methods","expressions":{"$id":"1078","Json":"[\"GET\"]"}},{"$id":"1079","name":"ReadContent","expressions":{"$id":"1080","Literal":"true"}},{"$id":"1081","name":"TargetType","expressions":{"$id":"1082"}},{"$id":"1083","name":"Schema","syntax":"Literal","expressions":{"$id":"1084","Literal":""}},{"$id":"1085","name":"Authorize","expressions":{"$id":"1086"}},{"$id":"1087","name":"Policy","expressions":{"$id":"1088"}},{"$id":"1089","name":"AuthorizeWithCustomHeader","expressions":{"$id":"1090"}},{"$id":"1091","name":"CustomHeaderName","expressions":{"$id":"1092"}},{"$id":"1093","name":"CustomHeaderValue","expressions":{"$id":"1094"}}],"propertyStorageProviders":{"$id":"1095"}},{"$id":"1096","activityId":"f8c5c859-d180-43dd-9dc8-a1b79e2e45e6","type":"RunWorkflow","name":"runAuthGetPermissions","displayName":"AuthUserHasPermission","x":1360,"y":140,"persistWorkflow":false,"loadWorkflowContext":false,"saveWorkflowContext":false,"properties":[{"$id":"1097","name":"WorkflowDefinitionId","syntax":"JavaScript","expressions":{"$id":"1098","Liquid":"","JavaScript":"getWorkflowDefinitionIdByName(\"AuthUserHasPermission\")"}},{"$id":"1099","name":"Input","syntax":"JavaScript","expressions":{"$id":"1100","JavaScript":"var result = {\r\n    \"html\": activities.CustomerDataIncoming.Output(),\r\n    \"Feature\": \"Customers\",\r\n    \"Permission\": \"Read\"\r\n};\r\nreturn result;"}},{"$id":"1101","name":"PossibleOutcomes","expressions":{"$id":"1102","Json":"[\"Success\",\"Failed\"]"}},{"$id":"1103","name":"Mode","expressions":{"$id":"1104","Literal":"Blocking"}},{"$id":"1105","name":"TenantId","expressions":{"$id":"1106"}},{"$id":"1107","name":"CorrelationId","expressions":{"$id":"1108"}},{"$id":"1109","name":"ContextId","expressions":{"$id":"1110"}},{"$id":"1111","name":"CustomAttributes","expressions":{"$id":"1112"}},{"$id":"1113","name":"RetryFailedActivities","expressions":{"$id":"1114"}}],"propertyStorageProviders":{"$id":"1115"}},{"$id":"1116","activityId":"ee55dd8a-adf6-4b88-bc79-633e11d67ec1","type":"SetVariable","displayName":"ReturnedUser","x":1420,"y":420,"persistWorkflow":false,"loadWorkflowContext":false,"saveWorkflowContext":false,"properties":[{"$id":"1117","name":"VariableName","expressions":{"$id":"1118","Literal":"ReturnedUser"}},{"$id":"1119","name":"Value","syntax":"JavaScript","expressions":{"$id":"1120","JavaScript":"activities.runAuthGetPermissions.Output().workflowOutput[0].User"}}],"propertyStorageProviders":{"$id":"1121"}},{"$id":"1122","activityId":"a41d0109-8110-4034-ac0f-320fbb0383b9","type":"WriteHttpResponse","displayName":"HTTP Response","x":1760,"y":420,"persistWorkflow":false,"loadWorkflowContext":false,"saveWorkflowContext":false,"properties":[{"$id":"1123","name":"Content","syntax":"Liquid","expressions":{"$id":"1124","Liquid":"<!DOCTYPE html>\r\n<html lang=\"en\">\r\n\r\n<head>\r\n    <meta charset=\"UTF-8\">\r\n    <meta name=\"viewport\" content=\"width=device-width, initial-scale=1.0\">\r\n    <title>Customer List - CRM</title>\r\n    <link href=\"https://cdn.jsdelivr.net/npm/tailwindcss@2.2.19/dist/tailwind.min.css\" rel=\"stylesheet\">\r\n</head>\r\n\r\n<body class=\"bg-gray-100\">\r\n    <div class=\"container mx-auto px-4 py-8\">\r\n            <div style=\"width: 100%;text-align: right;\" class=\"text-2xl font-light text-gray-800\">Logged on user: {{Variables.ReturnedUser.name}}</div>\r\n        \r\n        <div class=\"flex justify-between items-center mb-8\">\r\n            <h1 class=\"text-4xl font-bold text-gray-800\">Customer List</h1>\r\n            <a href=\"/customer\" class=\"bg-blue-500 text-white px-4 py-2 rounded hover:bg-blue-700\">Refresh</a>\r\n        </div>\r\n        <div class=\"bg-white shadow overflow-hidden sm:rounded-lg\">\r\n            <ul id=\"customer-list\" class=\"divide-y divide-gray-200\">\r\n                <!-- Customer items will be injected here by JavaScript -->\r\n            </ul>\r\n        </div>\r\n    </div>\r\n\r\n    <script>\r\n        const customers = [\r\n            {\r\n                name: \"John Doe\",\r\n                email: \"john.doe@example.com\",\r\n                company: \"Acme Corporation\",\r\n                joined: \"01 Jan 2023\"\r\n            },\r\n            {\r\n                name: \"Jane Smith\",\r\n                email: \"jane.smith@example.com\",\r\n                company: \"Tech Innovations\",\r\n                joined: \"15 Feb 2023\"\r\n            },\r\n            {\r\n                name: \"Samuel Green\",\r\n                email: \"samuel.green@example.com\",\r\n                company: \"Green Enterprises\",\r\n                joined: \"23 Mar 2023\"\r\n            },\r\n            {\r\n                name: \"Emily Brown\",\r\n                email: \"emily.brown@example.com\",\r\n                company: \"Brown Solutions\",\r\n                joined: \"05 Apr 2023\"\r\n            },\r\n            {\r\n                name: \"Michael Johnson\",\r\n                email: \"michael.johnson@example.com\",\r\n                company: \"Johnson Consulting\",\r\n                joined: \"12 May 2023\"\r\n            }\r\n        ];\r\n\r\n        const customerList = document.getElementById('customer-list');\r\n\r\n        customers.forEach(customer => {\r\n            const li = document.createElement('li');\r\n            li.className = \"px-4 py-4 sm:px-6 flex items-center justify-between\";\r\n            \r\n            li.innerHTML = `\r\n                <div>\r\n                    <p class=\"text-lg font-medium text-indigo-600\">${customer.name}</p>\r\n                    <p class=\"text-sm text-gray-500\">${customer.email}</p>\r\n                    <p class=\"text-sm text-gray-500\">${customer.company}</p>\r\n                </div>\r\n                <div>\r\n                    <p class=\"text-sm text-gray-500\">Joined: ${customer.joined}</p>\r\n                </div>\r\n            `;\r\n            customerList.appendChild(li);\r\n        });\r\n    </script>\r\n</body>\r\n\r\n</html>\r\n"}},{"$id":"1125","name":"ContentType","expressions":{"$id":"1126","Literal":"text/html"}},{"$id":"1127","name":"StatusCode","expressions":{"$id":"1128","Literal":"OK"}},{"$id":"1129","name":"CharSet","expressions":{"$id":"1130","Literal":"utf-8"}},{"$id":"1131","name":"ResponseHeaders","expressions":{"$id":"1132"}}],"propertyStorageProviders":{"$id":"1133"}},{"$id":"1134","activityId":"b72099aa-ee8d-4652-b221-e289d33223f4","type":"RemoveWorkflowInstances","displayName":"CustomerPage","x":2100,"y":340,"persistWorkflow":false,"loadWorkflowContext":false,"saveWorkflowContext":false,"properties":[{"$id":"1135","name":"WorkflowDefinitionName","expressions":{"$id":"1136","Literal":"CustomerPage"}},{"$id":"1137","name":"VersionSelection","expressions":{"$id":"1138","Literal":"All"}},{"$id":"1139","name":"CustomVersion","expressions":{"$id":"1140"}},{"$id":"1141","name":"InstanceRetention","expressions":{"$id":"1142","Literal":"2"}},{"$id":"1143","name":"DateSelection","expressions":{"$id":"1144"}},{"$id":"1145","name":"IncludeIdle","expressions":{"$id":"1146"}},{"$id":"1147","name":"IncludeSuspended","expressions":{"$id":"1148"}},{"$id":"1149","name":"IncludeRunning","expressions":{"$id":"1150"}}],"propertyStorageProviders":{"$id":"1151"}},{"$id":"1152","activityId":"07c7a510-43c8-4c0b-82c1-ebb8de165db9","type":"Redirect","displayName":"Redirect","x":1820,"y":260,"persistWorkflow":false,"loadWorkflowContext":false,"saveWorkflowContext":false,"properties":[{"$id":"1153","name":"Location","expressions":{"$id":"1154","Literal":"/home"}},{"$id":"1155","name":"Permanent","expressions":{"$id":"1156"}}],"propertyStorageProviders":{"$id":"1157"}}],"connections":[{"$id":"1158","sourceActivityId":"346b575e-6459-4db8-90f8-082cecade6bd","targetActivityId":"f8c5c859-d180-43dd-9dc8-a1b79e2e45e6","outcome":"Done"},{"$id":"1159","sourceActivityId":"f8c5c859-d180-43dd-9dc8-a1b79e2e45e6","targetActivityId":"ee55dd8a-adf6-4b88-bc79-633e11d67ec1","outcome":"Success"},{"$id":"1160","sourceActivityId":"ee55dd8a-adf6-4b88-bc79-633e11d67ec1","targetActivityId":"a41d0109-8110-4034-ac0f-320fbb0383b9","outcome":"Done"},{"$id":"1161","sourceActivityId":"a41d0109-8110-4034-ac0f-320fbb0383b9","targetActivityId":"b72099aa-ee8d-4652-b221-e289d33223f4","outcome":"Done"},{"$id":"1162","sourceActivityId":"07c7a510-43c8-4c0b-82c1-ebb8de165db9","targetActivityId":"b72099aa-ee8d-4652-b221-e289d33223f4","outcome":"Done"},{"$id":"1163","sourceActivityId":"f8c5c859-d180-43dd-9dc8-a1b79e2e45e6","targetActivityId":"07c7a510-43c8-4c0b-82c1-ebb8de165db9","outcome":"Failed"}],"id":"24d89f23cba44c94a85b63b0be08d033"}