{"$id":"1164","definitionId":"a1acd96ea5c44ffc8ce60865763a9420","versionId":"d1833e4245b14f0db9ffd9e9589c34c0","name":"MainNav","displayName":"Main Navigation Page","version":3,"variables":{"$id":"1165","data":{}},"customAttributes":{"$id":"1166","data":{}},"isSingleton":false,"persistenceBehavior":"WorkflowBurst","deleteCompletedInstances":false,"isPublished":true,"isLatest":true,"createdAt":"2024-08-09T03:24:26.3466349Z","activities":[{"$id":"1167","activityId":"83ac6482-a39e-41ec-894f-4cb59bce004c","type":"HttpEndpoint","displayName":"GET /home","x":1064,"y":164,"persistWorkflow":false,"loadWorkflowContext":false,"saveWorkflowContext":false,"properties":[{"$id":"1168","name":"Path","expressions":{"$id":"1169","Literal":"/home"}},{"$id":"1170","name":"Methods","expressions":{"$id":"1171","Json":"[\"GET\"]"}},{"$id":"1172","name":"ReadContent","expressions":{"$id":"1173"}},{"$id":"1174","name":"TargetType","expressions":{"$id":"1175"}},{"$id":"1176","name":"Schema","syntax":"Literal","expressions":{"$id":"1177","Literal":""}},{"$id":"1178","name":"Authorize","expressions":{"$id":"1179"}},{"$id":"1180","name":"Policy","expressions":{"$id":"1181"}},{"$id":"1182","name":"AuthorizeWithCustomHeader","expressions":{"$id":"1183"}},{"$id":"1184","name":"CustomHeaderName","expressions":{"$id":"1185"}},{"$id":"1186","name":"CustomHeaderValue","expressions":{"$id":"1187"}}],"propertyStorageProviders":{"$id":"1188"}},{"$id":"1189","activityId":"939d8cfa-1e7b-4196-81e9-2ff2797c6a1f","type":"ObjectInstanceList","name":"GetSettings2","displayName":"List Settings","x":1240,"y":280,"persistWorkflow":false,"loadWorkflowContext":false,"saveWorkflowContext":false,"properties":[{"$id":"1190","name":"ObjectType","syntax":"Literal","expressions":{"$id":"1191","Literal":"Settings"}},{"$id":"1192","name":"Filter","expressions":{"$id":"1193"}},{"$id":"1194","name":"Skip","expressions":{"$id":"1195"}},{"$id":"1196","name":"Limit","expressions":{"$id":"1197"}},{"$id":"1198","name":"OrderBy","expressions":{"$id":"1199"}},{"$id":"1200","name":"Expand","expressions":{"$id":"1201"}}],"propertyStorageProviders":{"$id":"1202"}},{"$id":"1203","activityId":"498d0b0f-5f31-4e1c-9685-394918ec0004","type":"RunJavaScript","displayName":"get LoginPage","x":1440,"y":400,"persistWorkflow":false,"loadWorkflowContext":false,"saveWorkflowContext":false,"properties":[{"$id":"1204","name":"Script","syntax":"Literal","expressions":{"$id":"1205","Literal":"function getValueByKey(jsonData, key) {\r\n    for (let item of jsonData) {\r\n        if (item.Key === key) {\r\n            return item.Value;\r\n        }\r\n    }\r\n    return null; // Or handle \"key not found\" as needed\r\n}\r\n\r\nsetVariable(\"LoginPage\", getValueByKey(activities.GetSettings2.Output(),\"LoginPage\"));"}},{"$id":"1206","name":"PossibleOutcomes","expressions":{"$id":"1207"}}],"propertyStorageProviders":{"$id":"1208"}},{"$id":"1209","activityId":"0f14bebd-e71d-45ae-88a1-b56417f7ea9e","type":"Redirect","displayName":"LoginPage","x":1620,"y":520,"persistWorkflow":false,"loadWorkflowContext":false,"saveWorkflowContext":false,"properties":[{"$id":"1210","name":"Location","syntax":"Liquid","expressions":{"$id":"1211","Liquid":"{{Variables.LoginPage}}"}},{"$id":"1212","name":"Permanent","expressions":{"$id":"1213"}}],"propertyStorageProviders":{"$id":"1214"}},{"$id":"1215","activityId":"ad4105a7-a48c-43ee-b41e-eef60f0c0983","type":"RemoveWorkflowInstances","displayName":"MainNav","x":1800,"y":640,"persistWorkflow":false,"loadWorkflowContext":false,"saveWorkflowContext":false,"properties":[{"$id":"1216","name":"WorkflowDefinitionName","expressions":{"$id":"1217","Literal":"MainNav"}},{"$id":"1218","name":"VersionSelection","expressions":{"$id":"1219","Literal":"All"}},{"$id":"1220","name":"CustomVersion","expressions":{"$id":"1221"}},{"$id":"1222","name":"InstanceRetention","expressions":{"$id":"1223","Literal":"1"}},{"$id":"1224","name":"DateSelection","expressions":{"$id":"1225"}},{"$id":"1226","name":"IncludeIdle","expressions":{"$id":"1227"}},{"$id":"1228","name":"IncludeSuspended","expressions":{"$id":"1229"}},{"$id":"1230","name":"IncludeRunning","expressions":{"$id":"1231"}}],"propertyStorageProviders":{"$id":"1232"}}],"connections":[{"$id":"1233","sourceActivityId":"83ac6482-a39e-41ec-894f-4cb59bce004c","targetActivityId":"939d8cfa-1e7b-4196-81e9-2ff2797c6a1f","outcome":"Done"},{"$id":"1234","sourceActivityId":"939d8cfa-1e7b-4196-81e9-2ff2797c6a1f","targetActivityId":"498d0b0f-5f31-4e1c-9685-394918ec0004","outcome":"Done"},{"$id":"1235","sourceActivityId":"498d0b0f-5f31-4e1c-9685-394918ec0004","targetActivityId":"0f14bebd-e71d-45ae-88a1-b56417f7ea9e","outcome":"Done"},{"$id":"1236","sourceActivityId":"0f14bebd-e71d-45ae-88a1-b56417f7ea9e","targetActivityId":"ad4105a7-a48c-43ee-b41e-eef60f0c0983","outcome":"Done"}],"id":"d1833e4245b14f0db9ffd9e9589c34c0"}