{"$id":"1337","definitionId":"70d03ce22d9a4afc9996d5970b9df632","versionId":"3bdd9635e34a4b39ad3664da15ff8558","name":"overview","displayName":"overview","version":2,"variables":{"$id":"1338","data":{}},"customAttributes":{"$id":"1339","data":{}},"isSingleton":false,"persistenceBehavior":"WorkflowBurst","deleteCompletedInstances":false,"isPublished":true,"isLatest":true,"createdAt":"2024-08-09T03:25:08.5478197Z","activities":[{"$id":"1340","activityId":"625c86ce-bff1-412a-a9b8-7c62461320df","type":"WriteLine","displayName":"workflow: main nav.  url: / or /home","x":760,"y":200,"persistWorkflow":false,"loadWorkflowContext":false,"saveWorkflowContext":false,"properties":[{"$id":"1341","name":"Text","expressions":{"$id":"1342","Literal":""}}],"propertyStorageProviders":{"$id":"1343"}},{"$id":"1344","activityId":"c4e73dd3-1a04-439f-ab6c-8296c9dffe1c","type":"WriteLine","displayName":"user goes to / or /home","x":340,"y":160,"persistWorkflow":false,"loadWorkflowContext":false,"saveWorkflowContext":false,"properties":[{"$id":"1345","name":"Text","expressions":{"$id":"1346"}}],"propertyStorageProviders":{"$id":"1347"}},{"$id":"1348","activityId":"9864ca6a-393b-4444-ae18-d5d7d64053d4","type":"WriteLine","displayName":"workflow: secure nav.  url: /secure","x":900,"y":440,"persistWorkflow":false,"loadWorkflowContext":false,"saveWorkflowContext":false,"properties":[{"$id":"1349","name":"Text","expressions":{"$id":"1350","Literal":""}}],"propertyStorageProviders":{"$id":"1351"}},{"$id":"1352","activityId":"1b82bef0-2bbb-4668-995f-a7a1f6f964f7","type":"WriteLine","displayName":"auto-redirect to login page","x":480,"y":400,"persistWorkflow":false,"loadWorkflowContext":false,"saveWorkflowContext":false,"properties":[{"$id":"1353","name":"Text","expressions":{"$id":"1354"}}],"propertyStorageProviders":{"$id":"1355"}},{"$id":"1356","activityId":"c06781e3-33d3-4394-9176-48614528c363","type":"WriteLine","displayName":"workflow: Azure Ad Auth Flow.  url: /secure","x":820,"y":660,"persistWorkflow":false,"loadWorkflowContext":false,"saveWorkflowContext":false,"properties":[{"$id":"1357","name":"Text","expressions":{"$id":"1358","Literal":""}}],"propertyStorageProviders":{"$id":"1359"}},{"$id":"1360","activityId":"8b707749-2a5b-4b77-aa93-e40c55837003","type":"WriteLine","displayName":"user clicks 'login' button","x":400,"y":620,"persistWorkflow":false,"loadWorkflowContext":false,"saveWorkflowContext":false,"properties":[{"$id":"1361","name":"Text","expressions":{"$id":"1362"}}],"propertyStorageProviders":{"$id":"1363"}},{"$id":"1364","activityId":"3aa52a99-9fd4-454f-814f-6030e0d020ad","type":"WriteLine","displayName":"Microsoft Azure AD login","x":400,"y":800,"persistWorkflow":false,"loadWorkflowContext":false,"saveWorkflowContext":false,"properties":[{"$id":"1365","name":"Text","expressions":{"$id":"1366"}}],"propertyStorageProviders":{"$id":"1367"}},{"$id":"1368","activityId":"fea130a6-5aec-42dd-ab00-187fbb928b79","type":"WriteLine","displayName":"workflow: Azure Ad Auth Flow.  url: /callback","x":820,"y":840,"persistWorkflow":false,"loadWorkflowContext":false,"saveWorkflowContext":false,"properties":[{"$id":"1369","name":"Text","expressions":{"$id":"1370","Literal":""}}],"propertyStorageProviders":{"$id":"1371"}},{"$id":"1372","activityId":"d1352d37-414d-465d-8a52-cbb1512c85f1","type":"WriteLine","displayName":"workflow: SecurePage.  url: /securenav","x":740,"y":1100,"persistWorkflow":false,"loadWorkflowContext":false,"saveWorkflowContext":false,"properties":[{"$id":"1373","name":"Text","expressions":{"$id":"1374","Literal":""}}],"propertyStorageProviders":{"$id":"1375"}},{"$id":"1376","activityId":"93108ac2-c7c6-4a72-bfbd-4becdc3a3cad","type":"WriteLine","displayName":"workflow: AuthGetUserPermissions - which features can user access?","x":1440,"y":940,"persistWorkflow":false,"loadWorkflowContext":false,"saveWorkflowContext":false,"properties":[{"$id":"1377","name":"Text","expressions":{"$id":"1378","Literal":""}}],"propertyStorageProviders":{"$id":"1379"}},{"$id":"1380","activityId":"61e6592e-33df-457b-82e1-f140e2a94128","type":"WriteLine","displayName":"workflow: CustomerPage url: /customers","x":2520,"y":880,"persistWorkflow":false,"loadWorkflowContext":false,"saveWorkflowContext":false,"properties":[{"$id":"1381","name":"Text","expressions":{"$id":"1382","Literal":""}}],"propertyStorageProviders":{"$id":"1383"}},{"$id":"1384","activityId":"fc2ec69f-b0ec-4b04-aaae-4e71129b2266","type":"WriteLine","displayName":"user clicks 'Customers' button","x":1960,"y":880,"persistWorkflow":false,"loadWorkflowContext":false,"saveWorkflowContext":false,"properties":[{"$id":"1385","name":"Text","expressions":{"$id":"1386"}}],"propertyStorageProviders":{"$id":"1387"}},{"$id":"1388","activityId":"fc2405fc-0bc1-4220-88e9-7027bfc6f562","type":"WriteLine","displayName":"workflow: <other>.Title url: /<other>.URL","x":2540,"y":1020,"persistWorkflow":false,"loadWorkflowContext":false,"saveWorkflowContext":false,"properties":[{"$id":"1389","name":"Text","expressions":{"$id":"1390","Literal":""}}],"propertyStorageProviders":{"$id":"1391"}},{"$id":"1392","activityId":"4746c540-098b-4569-884a-3d26a31601bd","type":"WriteLine","displayName":"user clicks '<other>' button","x":1980,"y":1020,"persistWorkflow":false,"loadWorkflowContext":false,"saveWorkflowContext":false,"properties":[{"$id":"1393","name":"Text","expressions":{"$id":"1394"}}],"propertyStorageProviders":{"$id":"1395"}},{"$id":"1396","activityId":"67114e25-3d09-460d-9cce-d799c8f31c94","type":"WriteLine","displayName":"user clicks 'logoff' button","x":1280,"y":1280,"persistWorkflow":false,"loadWorkflowContext":false,"saveWorkflowContext":false,"properties":[{"$id":"1397","name":"Text","expressions":{"$id":"1398"}}],"propertyStorageProviders":{"$id":"1399"}},{"$id":"1400","activityId":"8e7ecaf0-9cbc-400a-9333-67e440cd0f05","type":"WriteLine","displayName":"workflow: Azure Ad Auth Flow.  url: /azLogoff","x":1760,"y":1280,"persistWorkflow":false,"loadWorkflowContext":false,"saveWorkflowContext":false,"properties":[{"$id":"1401","name":"Text","expressions":{"$id":"1402","Literal":""}}],"propertyStorageProviders":{"$id":"1403"}}],"connections":[{"$id":"1404","sourceActivityId":"c4e73dd3-1a04-439f-ab6c-8296c9dffe1c","targetActivityId":"625c86ce-bff1-412a-a9b8-7c62461320df","outcome":"Done"},{"$id":"1405","sourceActivityId":"1b82bef0-2bbb-4668-995f-a7a1f6f964f7","targetActivityId":"9864ca6a-393b-4444-ae18-d5d7d64053d4","outcome":"Done"},{"$id":"1406","sourceActivityId":"625c86ce-bff1-412a-a9b8-7c62461320df","targetActivityId":"1b82bef0-2bbb-4668-995f-a7a1f6f964f7","outcome":"Done"},{"$id":"1407","sourceActivityId":"8b707749-2a5b-4b77-aa93-e40c55837003","targetActivityId":"c06781e3-33d3-4394-9176-48614528c363","outcome":"Done"},{"$id":"1408","sourceActivityId":"9864ca6a-393b-4444-ae18-d5d7d64053d4","targetActivityId":"8b707749-2a5b-4b77-aa93-e40c55837003","outcome":"Done"},{"$id":"1409","sourceActivityId":"3aa52a99-9fd4-454f-814f-6030e0d020ad","targetActivityId":"fea130a6-5aec-42dd-ab00-187fbb928b79","outcome":"Done"},{"$id":"1410","sourceActivityId":"c06781e3-33d3-4394-9176-48614528c363","targetActivityId":"3aa52a99-9fd4-454f-814f-6030e0d020ad","outcome":"Done"},{"$id":"1411","sourceActivityId":"fea130a6-5aec-42dd-ab00-187fbb928b79","targetActivityId":"d1352d37-414d-465d-8a52-cbb1512c85f1","outcome":"Done"},{"$id":"1412","sourceActivityId":"fc2ec69f-b0ec-4b04-aaae-4e71129b2266","targetActivityId":"61e6592e-33df-457b-82e1-f140e2a94128","outcome":"Done"},{"$id":"1413","sourceActivityId":"67114e25-3d09-460d-9cce-d799c8f31c94","targetActivityId":"8e7ecaf0-9cbc-400a-9333-67e440cd0f05","outcome":"Done"},{"$id":"1414","sourceActivityId":"d1352d37-414d-465d-8a52-cbb1512c85f1","targetActivityId":"67114e25-3d09-460d-9cce-d799c8f31c94","outcome":"Done"},{"$id":"1415","sourceActivityId":"d1352d37-414d-465d-8a52-cbb1512c85f1","targetActivityId":"93108ac2-c7c6-4a72-bfbd-4becdc3a3cad","outcome":"Done"},{"$id":"1416","sourceActivityId":"93108ac2-c7c6-4a72-bfbd-4becdc3a3cad","targetActivityId":"fc2ec69f-b0ec-4b04-aaae-4e71129b2266","outcome":"Done"},{"$id":"1417","sourceActivityId":"4746c540-098b-4569-884a-3d26a31601bd","targetActivityId":"fc2405fc-0bc1-4220-88e9-7027bfc6f562","outcome":"Done"},{"$id":"1418","sourceActivityId":"93108ac2-c7c6-4a72-bfbd-4becdc3a3cad","targetActivityId":"4746c540-098b-4569-884a-3d26a31601bd","outcome":"Done"}],"id":"3bdd9635e34a4b39ad3664da15ff8558"}