{"$id":"1237","definitionId":"bb6e4579071f4f73b4798858c973c3df","versionId":"72a15fde443e4fafbc78a29b31deb28a","name":"SecureNav","displayName":"Secure Navigation Page","version":2,"variables":{"$id":"1238","data":{}},"customAttributes":{"$id":"1239","data":{}},"isSingleton":false,"persistenceBehavior":"WorkflowBurst","deleteCompletedInstances":false,"isPublished":true,"isLatest":true,"createdAt":"2024-08-09T02:21:58.6073356Z","activities":[{"$id":"1240","activityId":"3b9981cb-337c-495a-a507-cef367740282","type":"SetVariable","displayName":"ReturnedUser","x":1820,"y":280,"persistWorkflow":false,"loadWorkflowContext":false,"saveWorkflowContext":false,"properties":[{"$id":"1241","name":"VariableName","expressions":{"$id":"1242","Literal":"ReturnedUser"}},{"$id":"1243","name":"Value","syntax":"JavaScript","expressions":{"$id":"1244","JavaScript":"activities.runAuthGetPermissions.Output().workflowOutput.ThisUser"}}],"propertyStorageProviders":{"$id":"1245"}},{"$id":"1246","activityId":"7889a52a-aa70-44c9-b358-29b694f710a1","type":"SetVariable","displayName":"AllowedFeatures","x":1820,"y":400,"persistWorkflow":false,"loadWorkflowContext":false,"saveWorkflowContext":false,"properties":[{"$id":"1247","name":"VariableName","expressions":{"$id":"1248","Literal":"AllowedFeatures"}},{"$id":"1249","name":"Value","syntax":"JavaScript","expressions":{"$id":"1250","JavaScript":"jsonDecode(jsonEncode( activities.runAuthGetPermissions.Output().workflowOutput.AllowedFeatures))"}}],"propertyStorageProviders":{"$id":"1251"}},{"$id":"1252","activityId":"b14ec1a1-3463-475a-8cdb-977c1a8626b5","type":"WriteHttpResponse","displayName":"Secure Menu","x":1820,"y":520,"persistWorkflow":false,"loadWorkflowContext":false,"saveWorkflowContext":false,"properties":[{"$id":"1253","name":"Content","syntax":"Liquid","expressions":{"$id":"1254","Literal":"","Liquid":"\n<!DOCTYPE html>\n<html lang=\"en\">\n<head>\n    <meta charset=\"UTF-8\">\n    <meta name=\"viewport\" content=\"width=device-width, initial-scale=1.0\">\n    <title>Secure Menu</title>\n    <link rel=\"stylesheet\" href=\"https://cdnjs.cloudflare.com/ajax/libs/font-awesome/6.0.0-beta3/css/all.min.css\">\n    <style>\n        body {\n            font-family: Arial, sans-serif;\n            background-color: #f4f4f4;\n            display: flex;\n            justify-content: center;\n            align-items: center;\n            height: 100vh;\n            margin: 0;\n        }\n        header {\n            background: #333;\n            color: white;\n            font-size: 24px;\n            display: flex;            /* Changed to flex to help align items */\n            justify-content: space-between;  \n            align-items: center;      /* Vertically centers content in the header */\n            width: 100%;\n            padding: 10px 20px;\n            box-shadow: 0 4px 6px rgba(0,0,0,0.1);\n            position: fixed;\n            top: 0;\n            left: 0;\n            z-index: 1000;\n        }\n        header a {\n            color: white;            /* Ensures link is the same color as header text */\n            text-decoration: none;   /* Removes underline from link */\n            padding-left: 20px;      /* Provides some padding inside the header */\n            padding-right: 40px;\n        }\n        nav {\n            background: #333;\n            border-radius: 10px;\n            padding: 20px;\n            box-shadow: 0 5px 15px rgba(0,0,0,0.2);\n        }\n        ul {\n            list-style: none;\n            padding: 0;\n        }\n        li {\n            margin-bottom: 10px;\n        }\n        a {\n            text-decoration: none;\n            color: white;\n            font-size: 18px;\n            transition: color 0.3s ease;\n        }\n        a:hover {\n            color: #ff6f61;\n        }\n        i {\n            margin-right: 8px;\n        }\n    </style>\n    <script src=\"/auth.js\"></script>\n</head>\n<body>\n    <header>\n        <a href=\"/home\" style=\"font-size: 24px;\">Home</a>  <!-- Link to /home on the far left -->\n        <a>Main Menu</a>\n        <a href=\"/securenav\" style=\"font-size: 24px;\">Secure Menu</a>\n    </header>\n    <nav>\n        <ul>\n            <li><a class=\"text-white\">{{Variables.ReturnedUser.name}}</a> </li>\n\n\n            {% for feature in Variables.AllowedFeatures  %}\n            \n                <li><a href=\"{{feature.URL}}\"><i class=\"fas fa-bars-progress\"></i>{{feature.Title}}</a></li>\n            {% endfor %}\n            <li>&nbsp;</li>\n            <li><a href=\"/azLogoff\"><i class=\"fas fa-bars-progress\"></i> Logoff</a></li>\n        </ul>\n    </nav>\n</body>\n</html>\n"}},{"$id":"1255","name":"ContentType","expressions":{"$id":"1256","Literal":"text/html"}},{"$id":"1257","name":"StatusCode","expressions":{"$id":"1258","Literal":"OK"}},{"$id":"1259","name":"CharSet","expressions":{"$id":"1260","Literal":"utf-8"}},{"$id":"1261","name":"ResponseHeaders","expressions":{"$id":"1262"}}],"propertyStorageProviders":{"$id":"1263"}},{"$id":"1264","activityId":"ad4105a7-a48c-43ee-b41e-eef60f0c0983","type":"RemoveWorkflowInstances","displayName":"SecureNav","x":2340,"y":520,"persistWorkflow":false,"loadWorkflowContext":false,"saveWorkflowContext":false,"properties":[{"$id":"1265","name":"WorkflowDefinitionName","syntax":"Literal","expressions":{"$id":"1266","Literal":"SecureNav","JavaScript":""}},{"$id":"1267","name":"VersionSelection","expressions":{"$id":"1268","Literal":"All"}},{"$id":"1269","name":"CustomVersion","expressions":{"$id":"1270"}},{"$id":"1271","name":"InstanceRetention","expressions":{"$id":"1272","Literal":"1"}},{"$id":"1273","name":"DateSelection","expressions":{"$id":"1274"}},{"$id":"1275","name":"IncludeIdle","expressions":{"$id":"1276"}},{"$id":"1277","name":"IncludeSuspended","expressions":{"$id":"1278"}},{"$id":"1279","name":"IncludeRunning","expressions":{"$id":"1280"}}],"propertyStorageProviders":{"$id":"1281"}},{"$id":"1282","activityId":"803d5077-7d1f-4f51-ac34-1909e8ef323f","type":"Redirect","displayName":"Redirect","x":2340,"y":280,"persistWorkflow":false,"loadWorkflowContext":false,"saveWorkflowContext":false,"properties":[{"$id":"1283","name":"Location","expressions":{"$id":"1284","Literal":"/home"}},{"$id":"1285","name":"Permanent","expressions":{"$id":"1286"}}],"propertyStorageProviders":{"$id":"1287"}},{"$id":"1288","activityId":"83ac6482-a39e-41ec-894f-4cb59bce004c","type":"HttpEndpoint","name":"httpInit","displayName":"GET /securenav","x":1700,"y":160,"persistWorkflow":false,"loadWorkflowContext":false,"saveWorkflowContext":false,"properties":[{"$id":"1289","name":"Path","expressions":{"$id":"1290","Literal":"/securenav"}},{"$id":"1291","name":"Methods","expressions":{"$id":"1292","Json":"[\"GET\"]"}},{"$id":"1293","name":"ReadContent","expressions":{"$id":"1294"}},{"$id":"1295","name":"TargetType","expressions":{"$id":"1296"}},{"$id":"1297","name":"Schema","syntax":"Literal","expressions":{"$id":"1298","Literal":""}},{"$id":"1299","name":"Authorize","expressions":{"$id":"1300"}},{"$id":"1301","name":"Policy","expressions":{"$id":"1302"}},{"$id":"1303","name":"AuthorizeWithCustomHeader","expressions":{"$id":"1304"}},{"$id":"1305","name":"CustomHeaderName","expressions":{"$id":"1306"}},{"$id":"1307","name":"CustomHeaderValue","expressions":{"$id":"1308"}}],"propertyStorageProviders":{"$id":"1309"}},{"$id":"1310","activityId":"45cc8ca9-cde3-4fd1-8931-2ab3cf136cec","type":"RunWorkflow","name":"runAuthGetPermissions","displayName":"AuthGetUserPermissions","x":2080,"y":160,"persistWorkflow":false,"loadWorkflowContext":false,"saveWorkflowContext":false,"properties":[{"$id":"1311","name":"WorkflowDefinitionId","syntax":"JavaScript","expressions":{"$id":"1312","Liquid":"","JavaScript":"getWorkflowDefinitionIdByName(\"AuthGetUserPermissions\")"}},{"$id":"1313","name":"Input","syntax":"JavaScript","expressions":{"$id":"1314","JavaScript":"var result = {\r\n    \"html\": activities.httpInit.Output(),\r\n    \"Permission\": \"Read\"\r\n};\r\nreturn result;"}},{"$id":"1315","name":"PossibleOutcomes","expressions":{"$id":"1316","Json":"[\"Success\",\"Failed\"]"}},{"$id":"1317","name":"Mode","expressions":{"$id":"1318","Literal":"Blocking"}},{"$id":"1319","name":"TenantId","expressions":{"$id":"1320"}},{"$id":"1321","name":"CorrelationId","expressions":{"$id":"1322"}},{"$id":"1323","name":"ContextId","expressions":{"$id":"1324"}},{"$id":"1325","name":"CustomAttributes","expressions":{"$id":"1326"}},{"$id":"1327","name":"RetryFailedActivities","expressions":{"$id":"1328"}}],"propertyStorageProviders":{"$id":"1329"}}],"connections":[{"$id":"1330","sourceActivityId":"45cc8ca9-cde3-4fd1-8931-2ab3cf136cec","targetActivityId":"803d5077-7d1f-4f51-ac34-1909e8ef323f","outcome":"Failed"},{"$id":"1331","sourceActivityId":"45cc8ca9-cde3-4fd1-8931-2ab3cf136cec","targetActivityId":"3b9981cb-337c-495a-a507-cef367740282","outcome":"Success"},{"$id":"1332","sourceActivityId":"3b9981cb-337c-495a-a507-cef367740282","targetActivityId":"7889a52a-aa70-44c9-b358-29b694f710a1","outcome":"Done"},{"$id":"1333","sourceActivityId":"7889a52a-aa70-44c9-b358-29b694f710a1","targetActivityId":"b14ec1a1-3463-475a-8cdb-977c1a8626b5","outcome":"Done"},{"$id":"1334","sourceActivityId":"b14ec1a1-3463-475a-8cdb-977c1a8626b5","targetActivityId":"ad4105a7-a48c-43ee-b41e-eef60f0c0983","outcome":"Done"},{"$id":"1335","sourceActivityId":"803d5077-7d1f-4f51-ac34-1909e8ef323f","targetActivityId":"ad4105a7-a48c-43ee-b41e-eef60f0c0983","outcome":"Done"},{"$id":"1336","sourceActivityId":"83ac6482-a39e-41ec-894f-4cb59bce004c","targetActivityId":"45cc8ca9-cde3-4fd1-8931-2ab3cf136cec","outcome":"Done"}],"id":"72a15fde443e4fafbc78a29b31deb28a"}