{"$id":"1","definitionId":"GranularAuth-TYPES_0f0d6970-7656-4dd6-907b-586d5b154d8d","versionId":"1","name":"GranularAuth-TYPES","displayName":"GranularAuth-TYPES","description":"Setting up types for solution GranularAuth","version":0,"variables":{"$id":"2","data":{}},"customAttributes":{"$id":"3","data":{}},"isSingleton":false,"persistenceBehavior":"WorkflowBurst","deleteCompletedInstances":false,"isPublished":false,"isLatest":false,"createdAt":"1970-01-01T00:00:00Z","activities":[{"$id":"4","activityId":"CreateType_Settings","type":"TypeCreate","name":"CreateType_Settings","displayName":"CreateType_Settings","description":"CreateType_Settings","x":72,"y":72,"persistWorkflow":false,"loadWorkflowContext":false,"saveWorkflowContext":false,"properties":[{"$id":"5","name":"TypeName","syntax":"Literal","expressions":{"$id":"6","Literal":"Settings"}},{"$id":"7","name":"TypeDescription","syntax":"Literal","expressions":{"$id":"8","Literal":"Settings and Configuration"}}],"propertyStorageProviders":{"$id":"9"}},{"$id":"10","activityId":"CreateType_User","type":"TypeCreate","name":"CreateType_User","displayName":"CreateType_User","description":"CreateType_User","x":72,"y":144,"persistWorkflow":false,"loadWorkflowContext":false,"saveWorkflowContext":false,"properties":[{"$id":"11","name":"TypeName","syntax":"Literal","expressions":{"$id":"12","Literal":"User"}},{"$id":"13","name":"TypeDescription","syntax":"Literal","expressions":{"$id":"14","Literal":"A User of the System"}}],"propertyStorageProviders":{"$id":"15"}},{"$id":"16","activityId":"CreateType_Feature","type":"TypeCreate","name":"CreateType_Feature","displayName":"CreateType_Feature","description":"CreateType_Feature","x":72,"y":216,"persistWorkflow":false,"loadWorkflowContext":false,"saveWorkflowContext":false,"properties":[{"$id":"17","name":"TypeName","syntax":"Literal","expressions":{"$id":"18","Literal":"Feature"}},{"$id":"19","name":"TypeDescription","syntax":"Literal","expressions":{"$id":"20","Literal":"A Feature of the System"}}],"propertyStorageProviders":{"$id":"21"}},{"$id":"22","activityId":"CreateType_Permissions","type":"TypeCreate","name":"CreateType_Permissions","displayName":"CreateType_Permissions","description":"CreateType_Permissions","x":72,"y":288,"persistWorkflow":false,"loadWorkflowContext":false,"saveWorkflowContext":false,"properties":[{"$id":"23","name":"TypeName","syntax":"Literal","expressions":{"$id":"24","Literal":"Permissions"}},{"$id":"25","name":"TypeDescription","syntax":"Literal","expressions":{"$id":"26","Literal":"Permissions Table"}}],"propertyStorageProviders":{"$id":"27"}},{"$id":"28","activityId":"RenameTitleCol_Settings_Key","type":"SolutionsTypeRenameColumn","name":"RenameTitleCol_Settings_Key","displayName":"RenameTitleCol_Settings_Key","x":72,"y":432,"persistWorkflow":false,"loadWorkflowContext":false,"saveWorkflowContext":false,"properties":[{"$id":"29","name":"ObjectType","syntax":"JavaScript","expressions":{"$id":"30","JavaScript":"return \"Settings\";"}},{"$id":"31","name":"Column","syntax":"Literal","expressions":{"$id":"32","Literal":"Key"}},{"$id":"33","name":"ColumnName","syntax":"Literal","expressions":{"$id":"34","Literal":"Key"}},{"$id":"35","name":"ColumnDisplayName","syntax":"Literal","expressions":{"$id":"36","Literal":"Key"}},{"$id":"37","name":"ColumnDescription","syntax":"Literal","expressions":{"$id":"38","Literal":"Key"}}],"propertyStorageProviders":{"$id":"39"}},{"$id":"40","activityId":"CreateCol_Settings_Value","type":"TypeAddColumn","name":"CreateCol_Settings_Value","displayName":"CreateCol_Settings_Value","x":144,"y":504,"persistWorkflow":false,"loadWorkflowContext":false,"saveWorkflowContext":false,"properties":[{"$id":"41","name":"ObjectType","syntax":"JavaScript","expressions":{"$id":"42","JavaScript":"return \"Settings\";"}},{"$id":"43","name":"ColumnName","syntax":"Literal","expressions":{"$id":"44","Literal":"Value"}},{"$id":"45","name":"ColumnDisplayName","syntax":"Literal","expressions":{"$id":"46","Literal":"Value"}},{"$id":"47","name":"ColumnDescription","syntax":"Literal","expressions":{"$id":"48","Literal":"Value"}},{"$id":"49","name":"ColumnTypeId","syntax":"Literal","expressions":{"$id":"50","Literal":"6"}},{"$id":"51","name":"DisplayOrder","syntax":"Literal","expressions":{"$id":"52","Literal":"2"}},{"$id":"53","name":"Visible","syntax":"Literal","expressions":{"$id":"54","Literal":"True"}},{"$id":"55","name":"Indexed","syntax":"Literal","expressions":{"$id":"56","Literal":"False"}}],"propertyStorageProviders":{"$id":"57"}},{"$id":"58","activityId":"RenameTitleCol_User_upn","type":"SolutionsTypeRenameColumn","name":"RenameTitleCol_User_upn","displayName":"RenameTitleCol_User_upn","x":72,"y":576,"persistWorkflow":false,"loadWorkflowContext":false,"saveWorkflowContext":false,"properties":[{"$id":"59","name":"ObjectType","syntax":"JavaScript","expressions":{"$id":"60","JavaScript":"return \"User\";"}},{"$id":"61","name":"Column","syntax":"Literal","expressions":{"$id":"62","Literal":"upn"}},{"$id":"63","name":"ColumnName","syntax":"Literal","expressions":{"$id":"64","Literal":"upn"}},{"$id":"65","name":"ColumnDisplayName","syntax":"Literal","expressions":{"$id":"66","Literal":"upn"}},{"$id":"67","name":"ColumnDescription","syntax":"Literal","expressions":{"$id":"68","Literal":"Title"}}],"propertyStorageProviders":{"$id":"69"}},{"$id":"70","activityId":"CreateCol_User_givenName","type":"TypeAddColumn","name":"CreateCol_User_givenName","displayName":"CreateCol_User_givenName","x":144,"y":648,"persistWorkflow":false,"loadWorkflowContext":false,"saveWorkflowContext":false,"properties":[{"$id":"71","name":"ObjectType","syntax":"JavaScript","expressions":{"$id":"72","JavaScript":"return \"User\";"}},{"$id":"73","name":"ColumnName","syntax":"Literal","expressions":{"$id":"74","Literal":"givenName"}},{"$id":"75","name":"ColumnDisplayName","syntax":"Literal","expressions":{"$id":"76","Literal":"givenName"}},{"$id":"77","name":"ColumnDescription","syntax":"Literal","expressions":{"$id":"78","Literal":"givenName"}},{"$id":"79","name":"ColumnTypeId","syntax":"Literal","expressions":{"$id":"80","Literal":"6"}},{"$id":"81","name":"DisplayOrder","syntax":"Literal","expressions":{"$id":"82","Literal":"2"}},{"$id":"83","name":"Visible","syntax":"Literal","expressions":{"$id":"84","Literal":"True"}},{"$id":"85","name":"Indexed","syntax":"Literal","expressions":{"$id":"86","Literal":"False"}}],"propertyStorageProviders":{"$id":"87"}},{"$id":"88","activityId":"CreateCol_User_familyName","type":"TypeAddColumn","name":"CreateCol_User_familyName","displayName":"CreateCol_User_familyName","x":216,"y":720,"persistWorkflow":false,"loadWorkflowContext":false,"saveWorkflowContext":false,"properties":[{"$id":"89","name":"ObjectType","syntax":"JavaScript","expressions":{"$id":"90","JavaScript":"return \"User\";"}},{"$id":"91","name":"ColumnName","syntax":"Literal","expressions":{"$id":"92","Literal":"familyName"}},{"$id":"93","name":"ColumnDisplayName","syntax":"Literal","expressions":{"$id":"94","Literal":"familyName"}},{"$id":"95","name":"ColumnDescription","syntax":"Literal","expressions":{"$id":"96","Literal":"familyName"}},{"$id":"97","name":"ColumnTypeId","syntax":"Literal","expressions":{"$id":"98","Literal":"6"}},{"$id":"99","name":"DisplayOrder","syntax":"Literal","expressions":{"$id":"100","Literal":"3"}},{"$id":"101","name":"Visible","syntax":"Literal","expressions":{"$id":"102","Literal":"True"}},{"$id":"103","name":"Indexed","syntax":"Literal","expressions":{"$id":"104","Literal":"False"}}],"propertyStorageProviders":{"$id":"105"}},{"$id":"106","activityId":"CreateCol_User_name","type":"TypeAddColumn","name":"CreateCol_User_name","displayName":"CreateCol_User_name","x":288,"y":792,"persistWorkflow":false,"loadWorkflowContext":false,"saveWorkflowContext":false,"properties":[{"$id":"107","name":"ObjectType","syntax":"JavaScript","expressions":{"$id":"108","JavaScript":"return \"User\";"}},{"$id":"109","name":"ColumnName","syntax":"Literal","expressions":{"$id":"110","Literal":"name"}},{"$id":"111","name":"ColumnDisplayName","syntax":"Literal","expressions":{"$id":"112","Literal":"name"}},{"$id":"113","name":"ColumnDescription","syntax":"Literal","expressions":{"$id":"114","Literal":"name"}},{"$id":"115","name":"ColumnTypeId","syntax":"Literal","expressions":{"$id":"116","Literal":"6"}},{"$id":"117","name":"DisplayOrder","syntax":"Literal","expressions":{"$id":"118","Literal":"4"}},{"$id":"119","name":"Visible","syntax":"Literal","expressions":{"$id":"120","Literal":"True"}},{"$id":"121","name":"Indexed","syntax":"Literal","expressions":{"$id":"122","Literal":"False"}}],"propertyStorageProviders":{"$id":"123"}},{"$id":"124","activityId":"CreateCol_Feature_URL","type":"TypeAddColumn","name":"CreateCol_Feature_URL","displayName":"CreateCol_Feature_URL","x":72,"y":864,"persistWorkflow":false,"loadWorkflowContext":false,"saveWorkflowContext":false,"properties":[{"$id":"125","name":"ObjectType","syntax":"JavaScript","expressions":{"$id":"126","JavaScript":"return \"Feature\";"}},{"$id":"127","name":"ColumnName","syntax":"Literal","expressions":{"$id":"128","Literal":"URL"}},{"$id":"129","name":"ColumnDisplayName","syntax":"Literal","expressions":{"$id":"130","Literal":"URL"}},{"$id":"131","name":"ColumnDescription","syntax":"Literal","expressions":{"$id":"132","Literal":"URL"}},{"$id":"133","name":"ColumnTypeId","syntax":"Literal","expressions":{"$id":"134","Literal":"6"}},{"$id":"135","name":"DisplayOrder","syntax":"Literal","expressions":{"$id":"136","Literal":"2"}},{"$id":"137","name":"Visible","syntax":"Literal","expressions":{"$id":"138","Literal":"True"}},{"$id":"139","name":"Indexed","syntax":"Literal","expressions":{"$id":"140","Literal":"False"}}],"propertyStorageProviders":{"$id":"141"}},{"$id":"142","activityId":"CreateCol_Permissions_User","type":"TypeAddColumn","name":"CreateCol_Permissions_User","displayName":"CreateCol_Permissions_User","x":72,"y":936,"persistWorkflow":false,"loadWorkflowContext":false,"saveWorkflowContext":false,"properties":[{"$id":"143","name":"ObjectType","syntax":"JavaScript","expressions":{"$id":"144","JavaScript":"return \"Permissions\";"}},{"$id":"145","name":"ColumnName","syntax":"Literal","expressions":{"$id":"146","Literal":"User"}},{"$id":"147","name":"ColumnDisplayName","syntax":"Literal","expressions":{"$id":"148","Literal":"User"}},{"$id":"149","name":"ColumnDescription","syntax":"Literal","expressions":{"$id":"150","Literal":"User"}},{"$id":"151","name":"ColumnTypeId","syntax":"Literal","expressions":{"$id":"152","Literal":"1"}},{"$id":"153","name":"PrincipalType","syntax":"Literal","expressions":{"$id":"154","Literal":"User"}},{"$id":"155","name":"DisplayOrder","syntax":"Literal","expressions":{"$id":"156","Literal":"2"}},{"$id":"157","name":"Visible","syntax":"Literal","expressions":{"$id":"158","Literal":"True"}},{"$id":"159","name":"Indexed","syntax":"Literal","expressions":{"$id":"160","Literal":"False"}}],"propertyStorageProviders":{"$id":"161"}},{"$id":"162","activityId":"CreateCol_Permissions_Feature","type":"TypeAddColumn","name":"CreateCol_Permissions_Feature","displayName":"CreateCol_Permissions_Feature","x":144,"y":1008,"persistWorkflow":false,"loadWorkflowContext":false,"saveWorkflowContext":false,"properties":[{"$id":"163","name":"ObjectType","syntax":"JavaScript","expressions":{"$id":"164","JavaScript":"return \"Permissions\";"}},{"$id":"165","name":"ColumnName","syntax":"Literal","expressions":{"$id":"166","Literal":"Feature"}},{"$id":"167","name":"ColumnDisplayName","syntax":"Literal","expressions":{"$id":"168","Literal":"Feature"}},{"$id":"169","name":"ColumnDescription","syntax":"Literal","expressions":{"$id":"170","Literal":"Feature"}},{"$id":"171","name":"ColumnTypeId","syntax":"Literal","expressions":{"$id":"172","Literal":"1"}},{"$id":"173","name":"PrincipalType","syntax":"Literal","expressions":{"$id":"174","Literal":"Feature"}},{"$id":"175","name":"DisplayOrder","syntax":"Literal","expressions":{"$id":"176","Literal":"3"}},{"$id":"177","name":"Visible","syntax":"Literal","expressions":{"$id":"178","Literal":"True"}},{"$id":"179","name":"Indexed","syntax":"Literal","expressions":{"$id":"180","Literal":"False"}}],"propertyStorageProviders":{"$id":"181"}},{"$id":"182","activityId":"CreateCol_Permissions_Read","type":"TypeAddColumn","name":"CreateCol_Permissions_Read","displayName":"CreateCol_Permissions_Read","x":216,"y":1080,"persistWorkflow":false,"loadWorkflowContext":false,"saveWorkflowContext":false,"properties":[{"$id":"183","name":"ObjectType","syntax":"JavaScript","expressions":{"$id":"184","JavaScript":"return \"Permissions\";"}},{"$id":"185","name":"ColumnName","syntax":"Literal","expressions":{"$id":"186","Literal":"Read"}},{"$id":"187","name":"ColumnDisplayName","syntax":"Literal","expressions":{"$id":"188","Literal":"Read"}},{"$id":"189","name":"ColumnDescription","syntax":"Literal","expressions":{"$id":"190","Literal":"Read"}},{"$id":"191","name":"ColumnTypeId","syntax":"Literal","expressions":{"$id":"192","Literal":"5"}},{"$id":"193","name":"DisplayOrder","syntax":"Literal","expressions":{"$id":"194","Literal":"4"}},{"$id":"195","name":"Visible","syntax":"Literal","expressions":{"$id":"196","Literal":"True"}},{"$id":"197","name":"Indexed","syntax":"Literal","expressions":{"$id":"198","Literal":"False"}}],"propertyStorageProviders":{"$id":"199"}},{"$id":"200","activityId":"CreateCol_Permissions_Edit","type":"TypeAddColumn","name":"CreateCol_Permissions_Edit","displayName":"CreateCol_Permissions_Edit","x":288,"y":1152,"persistWorkflow":false,"loadWorkflowContext":false,"saveWorkflowContext":false,"properties":[{"$id":"201","name":"ObjectType","syntax":"JavaScript","expressions":{"$id":"202","JavaScript":"return \"Permissions\";"}},{"$id":"203","name":"ColumnName","syntax":"Literal","expressions":{"$id":"204","Literal":"Edit"}},{"$id":"205","name":"ColumnDisplayName","syntax":"Literal","expressions":{"$id":"206","Literal":"Edit"}},{"$id":"207","name":"ColumnDescription","syntax":"Literal","expressions":{"$id":"208","Literal":"Edit"}},{"$id":"209","name":"ColumnTypeId","syntax":"Literal","expressions":{"$id":"210","Literal":"5"}},{"$id":"211","name":"DisplayOrder","syntax":"Literal","expressions":{"$id":"212","Literal":"5"}},{"$id":"213","name":"Visible","syntax":"Literal","expressions":{"$id":"214","Literal":"True"}},{"$id":"215","name":"Indexed","syntax":"Literal","expressions":{"$id":"216","Literal":"False"}}],"propertyStorageProviders":{"$id":"217"}},{"$id":"218","activityId":"CreateCol_Permissions_Create","type":"TypeAddColumn","name":"CreateCol_Permissions_Create","displayName":"CreateCol_Permissions_Create","x":360,"y":1224,"persistWorkflow":false,"loadWorkflowContext":false,"saveWorkflowContext":false,"properties":[{"$id":"219","name":"ObjectType","syntax":"JavaScript","expressions":{"$id":"220","JavaScript":"return \"Permissions\";"}},{"$id":"221","name":"ColumnName","syntax":"Literal","expressions":{"$id":"222","Literal":"Create"}},{"$id":"223","name":"ColumnDisplayName","syntax":"Literal","expressions":{"$id":"224","Literal":"Create"}},{"$id":"225","name":"ColumnDescription","syntax":"Literal","expressions":{"$id":"226","Literal":"Create"}},{"$id":"227","name":"ColumnTypeId","syntax":"Literal","expressions":{"$id":"228","Literal":"5"}},{"$id":"229","name":"DisplayOrder","syntax":"Literal","expressions":{"$id":"230","Literal":"6"}},{"$id":"231","name":"Visible","syntax":"Literal","expressions":{"$id":"232","Literal":"True"}},{"$id":"233","name":"Indexed","syntax":"Literal","expressions":{"$id":"234","Literal":"False"}}],"propertyStorageProviders":{"$id":"235"}},{"$id":"236","activityId":"CreateCol_Permissions_Permissions","type":"TypeAddColumn","name":"CreateCol_Permissions_Permissions","displayName":"CreateCol_Permissions_Permissions","x":432,"y":1296,"persistWorkflow":false,"loadWorkflowContext":false,"saveWorkflowContext":false,"properties":[{"$id":"237","name":"ObjectType","syntax":"JavaScript","expressions":{"$id":"238","JavaScript":"return \"Permissions\";"}},{"$id":"239","name":"ColumnName","syntax":"Literal","expressions":{"$id":"240","Literal":"Permissions"}},{"$id":"241","name":"ColumnDisplayName","syntax":"Literal","expressions":{"$id":"242","Literal":"Permissions"}},{"$id":"243","name":"ColumnDescription","syntax":"Literal","expressions":{"$id":"244","Literal":"Permissions"}},{"$id":"245","name":"ColumnTypeId","syntax":"Literal","expressions":{"$id":"246","Literal":"5"}},{"$id":"247","name":"DisplayOrder","syntax":"Literal","expressions":{"$id":"248","Literal":"7"}},{"$id":"249","name":"Visible","syntax":"Literal","expressions":{"$id":"250","Literal":"True"}},{"$id":"251","name":"Indexed","syntax":"Literal","expressions":{"$id":"252","Literal":"False"}}],"propertyStorageProviders":{"$id":"253"}},{"$id":"254","activityId":"CreateCol_Permissions_Delete","type":"TypeAddColumn","name":"CreateCol_Permissions_Delete","displayName":"CreateCol_Permissions_Delete","x":504,"y":1368,"persistWorkflow":false,"loadWorkflowContext":false,"saveWorkflowContext":false,"properties":[{"$id":"255","name":"ObjectType","syntax":"JavaScript","expressions":{"$id":"256","JavaScript":"return \"Permissions\";"}},{"$id":"257","name":"ColumnName","syntax":"Literal","expressions":{"$id":"258","Literal":"Delete"}},{"$id":"259","name":"ColumnDisplayName","syntax":"Literal","expressions":{"$id":"260","Literal":"Delete"}},{"$id":"261","name":"ColumnDescription","syntax":"Literal","expressions":{"$id":"262","Literal":"Delete"}},{"$id":"263","name":"ColumnTypeId","syntax":"Literal","expressions":{"$id":"264","Literal":"5"}},{"$id":"265","name":"DisplayOrder","syntax":"Literal","expressions":{"$id":"266","Literal":"8"}},{"$id":"267","name":"Visible","syntax":"Literal","expressions":{"$id":"268","Literal":"True"}},{"$id":"269","name":"Indexed","syntax":"Literal","expressions":{"$id":"270","Literal":"False"}}],"propertyStorageProviders":{"$id":"271"}}],"connections":[{"$id":"272","sourceActivityId":"CreateType_Settings","targetActivityId":"CreateType_User","outcome":"Faulted"},{"$id":"273","sourceActivityId":"CreateType_Settings","targetActivityId":"CreateType_User","outcome":"Success"},{"$id":"274","sourceActivityId":"CreateType_User","targetActivityId":"CreateType_Feature","outcome":"Faulted"},{"$id":"275","sourceActivityId":"CreateType_User","targetActivityId":"CreateType_Feature","outcome":"Success"},{"$id":"276","sourceActivityId":"CreateType_Feature","targetActivityId":"CreateType_Permissions","outcome":"Faulted"},{"$id":"277","sourceActivityId":"CreateType_Feature","targetActivityId":"CreateType_Permissions","outcome":"Success"},{"$id":"278","sourceActivityId":"CreateType_Permissions","targetActivityId":"RenameTitleCol_Settings_Key","outcome":"Success"},{"$id":"279","sourceActivityId":"CreateType_Permissions","targetActivityId":"RenameTitleCol_Settings_Key","outcome":"Failed"},{"$id":"280","sourceActivityId":"RenameTitleCol_Settings_Key","targetActivityId":"CreateCol_Settings_Value","outcome":"Success"},{"$id":"281","sourceActivityId":"RenameTitleCol_Settings_Key","targetActivityId":"CreateCol_Settings_Value","outcome":"Failed"},{"$id":"282","sourceActivityId":"CreateCol_Settings_Value","targetActivityId":"RenameTitleCol_User_upn","outcome":"Success"},{"$id":"283","sourceActivityId":"CreateCol_Settings_Value","targetActivityId":"RenameTitleCol_User_upn","outcome":"Failed"},{"$id":"284","sourceActivityId":"RenameTitleCol_User_upn","targetActivityId":"CreateCol_User_givenName","outcome":"Success"},{"$id":"285","sourceActivityId":"RenameTitleCol_User_upn","targetActivityId":"CreateCol_User_givenName","outcome":"Failed"},{"$id":"286","sourceActivityId":"CreateCol_User_givenName","targetActivityId":"CreateCol_User_familyName","outcome":"Success"},{"$id":"287","sourceActivityId":"CreateCol_User_givenName","targetActivityId":"CreateCol_User_familyName","outcome":"Failed"},{"$id":"288","sourceActivityId":"CreateCol_User_familyName","targetActivityId":"CreateCol_User_name","outcome":"Success"},{"$id":"289","sourceActivityId":"CreateCol_User_familyName","targetActivityId":"CreateCol_User_name","outcome":"Failed"},{"$id":"290","sourceActivityId":"CreateCol_User_name","targetActivityId":"CreateCol_Feature_URL","outcome":"Success"},{"$id":"291","sourceActivityId":"CreateCol_User_name","targetActivityId":"CreateCol_Feature_URL","outcome":"Failed"},{"$id":"292","sourceActivityId":"CreateCol_Feature_URL","targetActivityId":"CreateCol_Permissions_User","outcome":"Success"},{"$id":"293","sourceActivityId":"CreateCol_Feature_URL","targetActivityId":"CreateCol_Permissions_User","outcome":"Failed"},{"$id":"294","sourceActivityId":"CreateCol_Permissions_User","targetActivityId":"CreateCol_Permissions_Feature","outcome":"Success"},{"$id":"295","sourceActivityId":"CreateCol_Permissions_User","targetActivityId":"CreateCol_Permissions_Feature","outcome":"Failed"},{"$id":"296","sourceActivityId":"CreateCol_Permissions_Feature","targetActivityId":"CreateCol_Permissions_Read","outcome":"Success"},{"$id":"297","sourceActivityId":"CreateCol_Permissions_Feature","targetActivityId":"CreateCol_Permissions_Read","outcome":"Failed"},{"$id":"298","sourceActivityId":"CreateCol_Permissions_Read","targetActivityId":"CreateCol_Permissions_Edit","outcome":"Success"},{"$id":"299","sourceActivityId":"CreateCol_Permissions_Read","targetActivityId":"CreateCol_Permissions_Edit","outcome":"Failed"},{"$id":"300","sourceActivityId":"CreateCol_Permissions_Edit","targetActivityId":"CreateCol_Permissions_Create","outcome":"Success"},{"$id":"301","sourceActivityId":"CreateCol_Permissions_Edit","targetActivityId":"CreateCol_Permissions_Create","outcome":"Failed"},{"$id":"302","sourceActivityId":"CreateCol_Permissions_Create","targetActivityId":"CreateCol_Permissions_Permissions","outcome":"Success"},{"$id":"303","sourceActivityId":"CreateCol_Permissions_Create","targetActivityId":"CreateCol_Permissions_Permissions","outcome":"Failed"},{"$id":"304","sourceActivityId":"CreateCol_Permissions_Permissions","targetActivityId":"CreateCol_Permissions_Delete","outcome":"Success"},{"$id":"305","sourceActivityId":"CreateCol_Permissions_Permissions","targetActivityId":"CreateCol_Permissions_Delete","outcome":"Failed"}],"id":"1"}